action,position,equity,net_ret,reward,obs_hash,gross_return,cost_frac,stability,drawdown,cost,nautilus_dir
0,-1,1.0008894536953283,0.0008896096367737418,-0.09903539036322627,5a5d9c97bd471f1f,0.0010396096367737417,0.00015000000000000001,-1.0,0.0,0.00015000000000000001,
0,-1,1.004861895749342,0.003968911890666171,0.003968911890666171,c1f3ea069543dbce,0.003968911890666171,0.0,-0.0,0.0,0.0,
0,-1,1.0052324551552898,0.0003687665016607333,0.0003687665016607333,6900461d3c8fd617,0.0003687665016607333,0.0,-0.0,0.0,0.0,
0,-1,1.0048461709817895,-0.00038427347975011905,-0.001152820439250368,e670e4bb4648ccf6,-0.00038427347975011905,0.0,-0.0,0.0003842734797501245,0.0,
0,-1,1.0042080051305704,-0.0006350881056704782,-0.002673323181479177,db84e2187b2965fd,-0.0006350881056704782,0.0,-0.0,0.0010191175379043495,0.0,
0,-1,1.0037351282596083,-0.00047089534095134944,-0.0034499613032618983,59dd612366a55331,-0.00047089534095134944,0.0,-0.0,0.0014895329811552744,0.0,
0,-1,1.0000943228656056,-0.003627257123416161,-0.013850031494326094,f389b4176a0132e4,-0.003627257123416161,0.0,-0.0,0.005111387185454967,0.0,
0,-1,0.9981162952662006,-0.001977841043770079,-0.016136078479488142,36988b334567a980,-0.001977841043770079,0.0,-0.0,0.0070791187178590315,0.0,
0,-1,0.9978979462980839,-0.000218761049340932,-0.014811423312862523,ba4870ce2250a7a3,-0.000218761049340932,0.0,-0.0,0.0072963311317607955,0.0,
0,-1,0.9947002793770939,-0.003204402747648105,-0.024159109739413202,4002a51ed470d46b,-0.003204402747648105,0.0,-0.0,0.010477353495882549,0.0,
0,-1,0.9915921325661653,-0.0031247068844446613,-0.0302633503279004,87658e4cfd95fa86,-0.0031247068844446613,0.0,-0.0,0.013569321721727869,0.0,
0,-1,0.9914016834952618,-0.00019206391887216512,-0.02770962284585965,7ca028f76994c2e4,-0.00019206391887216512,0.0,-0.0,0.013758779463493742,0.0,
0,-1,0.9929116651991553,0.0015230776072218122,-0.022990237483129443,d337134bc10a1e06,0.0015230776072218122,0.0,-0.0,0.012256657545175628,0.0,
0,-1,0.9878643773836061,-0.0050833200902487,-0.03963866633402005,e683bdde6d21f015,-0.0050833200902487,0.0,-0.0,0.017277673121885676,0.0,
0,-1,0.986904328555633,-0.0009718427447660272,-0.037437292115529555,abf066cf18f2f427,-0.0009718427447660272,0.0,-0.0,0.018232724685381764,0.0,
0,-1,0.9873759738283743,0.0004779037431433819,-0.03504916511608289,96f65d3c119c338f,0.0004779037431433819,0.0,-0.0,0.017763534429613134,0.0,
0,-1,0.9883648913208265,0.001001561227601977,-0.03255796771112012,ee7aafbbe80521ee,0.001001561227601977,0.0,-0.0,0.01677976446936105,0.0,
0,-1,0.9896759670779133,0.0013265098432773126,-0.029624516454363148,088c94be3bb02a4c,0.0013265098432773126,0.0,-0.0,0.01547551314882023,0.0,
0,-1,0.9883029946550838,-0.0013872949010607094,-0.03506997279985729,320fb26f10efedf8,-0.0013872949010607094,0.0,-0.0,0.01684133894939829,0.0,
0,-1,0.9886664465945294,0.0003677535547411681,-0.03259180415910376,8cfd0c498fc7f05e,0.0003677535547411681,0.0,-0.0,0.016479778856922464,0.0,
0,-1,0.9889140747062557,0.00025046679047224796,-0.03221641261706384,52e9aa8a6e750b94,0.00025046679047224796,0.0,-0.0,0.016233439703768043,0.0,
0,-1,0.9883906545906788,-0.0005292877601448254,-0.03403755836608999,092199af2b111651,-0.0005292877601448254,0.0,-0.0,0.01675413530297258,0.0,
0,-1,0.9894279217937655,0.0010494506380336333,-0.030395083967810967,8f1714ad1fda9dcb,0.0010494506380336333,0.0,-0.0,0.0157222673029223,0.0,
0,-1,0.9917438467697687,0.0023406707300159812,-0.024496123717567563,37804a204cab2d80,0.0023406707300159812,0.0,-0.0,0.013418397223791772,0.0,
0,-1,0.9904398204572382,-0.0013148821812989375,-0.0307461537686581,8b722d68c3bba0dc,-0.0013148821812989375,0.0,-0.0,0.014715635793679582,0.0,
0,-1,0.9917799250749035,0.001353039922250554,-0.025411973506027793,7ab2fc505dab30ff,0.001353039922250554,0.0,-0.0,0.013382506714139174,0.0,
0,-1,0.9909877225306649,-0.0007987684810002449,-0.029139939822159025,19df5023ff41e0b0,-0.0007987684810002449,0.0,-0.0,0.01417058567057939,0.0,
0,-1,0.9914532746336913,0.00046978594430768794,-0.026945127792177104,37fd2c02a6c02050,0.00046978594430768794,0.0,-0.0,0.013707456868242396,0.0,
0,-1,0.9900738448251222,-0.001391321047458094,-0.031550733932363226,9cb1250f44f64bea,-0.001391321047458094,0.0,-0.0,0.015079706442452564,0.0,
0,-1,0.9897555538383521,-0.0003214820676595842,-0.03111416337747024,adba7cb4349b72fc,-0.0003214820676595842,0.0,-0.0,0.015396340654905328,0.0,
0,-1,0.9904995863976113,0.0007517336542075537,-0.02856062824203183,1307872f07ae8557,0.0007517336542075537,0.0,-0.0,0.014656180948119692,0.0,
0,-1,0.9893443507009754,-0.001166316182763305,-0.032777122962494694,9f6c9eeb347c4885,-0.001166316182763305,0.0,-0.0,0.015805403389865694,0.0,
0,-1,0.989758468276493,0.000418577793691588,-0.03036830498041524,5725d35010f0d8cc,0.000418577793691588,0.0,-0.0,0.015393441387053414,0.0,
0,-1,0.9898433585756025,8.576870199161757e-05,-0.030532217219105637,d8b90b08076a598d,8.576870199161757e-05,0.0,-0.0,0.015308992960548627,0.0,
0,-1,0.9890592372009839,-0.000792167132127819,-0.03297023275538203,488d4663d794d87b,-0.000792167132127819,0.0,-0.0,0.016089032811627105,0.0,
0,-1,0.9846596507933789,-0.004448253696164528,-0.04537969051240376,32a9814424928fc3,-0.004448253696164528,0.0,-0.0,0.020465718408119615,0.0,
0,-1,0.9729478086167312,-0.011894304968433467,-0.07612750072925116,47c7aa902b7410bc,-0.011894304968433467,0.0,-0.0,0.03211659788040885,0.0,
0,-1,0.9709449596980784,-0.002058536851530013,-0.07027657991484247,7d142af470f7ccb0,-0.002058536851530013,0.0,-0.0,0.03410902153165623,0.0,
0,-1,0.9706998377244348,-0.0002524571256024011,-0.06895819230905378,89d91803a07ae34d,-0.0002524571256024011,0.0,-0.0,0.03435286759172569,0.0,
0,-1,0.9718772704392044,0.0012129730211243306,-0.06515015432325233,538a8775a4790dd5,0.0012129730211243306,0.0,-0.0,0.03318156367218833,0.0,
0,-1,0.9704610156639876,-0.001457236235781867,-0.07063812929783624,971b6cb810313880,-0.001457236235781867,0.0,-0.0,0.034590446531027184,0.0,
0,-1,0.9701714827544509,-0.0002983457396674716,-0.0700552904563453,1a608ea9543b7cb7,-0.0002983457396674716,0.0,-0.0,0.034878472358338915,0.0,
0,-1,0.9710702748824506,0.0009264260432062521,-0.0670422912373392,e2b86d00b0493a1e,0.0009264260432062521,0.0,-0.0,0.03398435864027272,0.0,
0,-1,0.970814031077011,-0.0002638777152050853,-0.06874241499633926,b53bf130ca0aaaa9,-0.0002638777152050853,0.0,-0.0,0.03423926864056709,0.0,
0,-1,0.9701667922520505,-0.000666697023571583,-0.07043297391486499,a331f8b11c8c1fda,-0.000666697023571583,0.0,-0.0,0.0348831384456467,0.0,
0,-1,0.971318944945229,0.0011875820759686961,-0.06628638384333069,6e6c7d0beaa83fc2,0.0011875820759686961,0.0,-0.0,0.03373698295964969,0.0,
0,-1,0.9708119658974879,-0.0005219490985730602,-0.06900459523932986,b03221581cd0971e,-0.0005219490985730602,0.0,-0.0,0.0342413230703784,0.0,
0,-1,0.9691556722941915,-0.001706091046956848,-0.07348408165217479,6bd4ae27f759d657,-0.001706091046956848,0.0,-0.0,0.03588899530260897,0.0,
0,-1,0.9695770745150121,0.0004348137588908729,-0.07050475938644622,86669dad15b3e73d,0.0004348137588908729,0.0,-0.0,0.03546978657266855,0.0,
0,-1,0.9694701944558827,-0.00011023369048079878,-0.07126245428583061,a3e2fc30f293d1e1,-0.00011023369048079878,0.0,-0.0,0.03557611029767491,0.0,
0,-1,0.9690149761901802,-0.00046955364724543536,-0.07252747175239595,90b5b001a0f6bb12,-0.00046955364724543536,0.0,-0.0,0.036028959052575256,0.0,
0,-1,0.9689302414520159,-8.74441987444019e-05,-0.07231394965447184,f9a118729abd3a65,-8.74441987444019e-05,0.0,-0.0,0.03611325272786372,0.0,
0,-1,0.9684515978342905,-0.0004939918244353247,-0.07367280162583072,211c66f9ed33222c,-0.0004939918244353247,0.0,-0.0,0.036589404900697696,0.0,
0,-1,0.9691066920483218,0.0006764346462914128,-0.07119900654484534,0d44cd031dbe96e3,0.0006764346462914128,0.0,-0.0,0.03593772059556838,0.0,
0,-1,0.9688672828984028,-0.0002470410656363331,-0.07259880820246084,2c6f7aa13f6f996f,-0.0002470410656363331,0.0,-0.0,0.036175883568412254,0.0,
0,-1,0.9699440919094806,0.0011114102313956042,-0.06909794893689308,32b04dbc854c5fb4,0.0011114102313956042,0.0,-0.0,0.035104679584144344,0.0,
0,-1,0.9696179321074335,-0.00033626660007279874,-0.07119454990600625,79bb0340b5e2fe93,-0.00033626660007279874,0.0,-0.0,0.03542914165296673,0.0,
0,-1,0.965505329632512,-0.0042414670136956545,-0.08328214127573128,e8e6641b9bd3fa8b,-0.0042414670136956545,0.0,-0.0,0.03952033713101781,0.0,
0,-1,0.9697148438031007,0.004359907751302572,-0.06630556105651124,0a559df676f917ab,0.004359907751302572,0.0,-0.0,0.035332734403906906,0.0,
0,-1,0.9716148560279073,0.001959351490748551,-0.06492587282722116,47e6b8fbb43bbce4,0.001959351490748551,0.0,-0.0,0.03344261215898486,0.0,
0,-1,0.9702031435312922,-0.0014529548286101868,-0.0711469075941647,10ddf756fab5da12,-0.0014529548286101868,0.0,-0.0,0.034846976382777256,0.0,
0,-1,0.9703533596416403,0.00015482954404921756,-0.06924025481633658,3efac8ac78c2d9fc,0.00015482954404921756,0.0,-0.0,0.0346975421801929,0.0,
0,-1,0.9705213849504812,0.00017315888812208247,-0.06888762407166875,84772ec99bd7c972,0.00017315888812208247,0.0,-0.0,0.034530391479895416,0.0,
0,-1,0.9695421784504978,-0.001008948916703556,-0.07201795090774747,4ff1763f0b254bee,-0.001008948916703556,0.0,-0.0,0.03550450099552196,0.0,
0,-1,0.9705146182984014,0.0010029886987049652,-0.0680712571214326,278c43d4418954d4,0.0010029886987049652,0.0,-0.0,0.03453712291006878,0.0,
0,-1,0.9708651882954858,0.00036122072813193906,-0.06801553468511196,997b038ea19bc660,0.00036122072813193906,0.0,-0.0,0.03418837770662195,0.0,
0,-1,0.97083971755876,-2.6235091167059466e-05,-0.06845366681633314,a3cfc24a5660c1ff,-2.6235091167059466e-05,0.0,-0.0,0.03421371586258304,0.0,
0,-1,0.9708796036007497,4.1084064926755204e-05,-0.06830699080743353,78ece8303fd40584,4.1084064926755204e-05,0.0,-0.0,0.034174037436180145,0.0,
0,-1,0.9724304811185857,0.001597394272249919,-0.06366507087893117,1bea487bf21debff,0.001597394272249919,0.0,-0.0,0.032631232575590544,0.0,
0,-1,0.9745533085968547,0.0021830120707726497,-0.05885589768805663,b214e6851261c540,0.0021830120707726497,0.0,-0.0,0.03051945487941464,0.0,
0,-1,0.9753474649350546,0.0008148926602519202,-0.058643971937625564,acc07ae4eae06bef,0.0008148926602519202,0.0,-0.0,0.029729432298938742,0.0,
0,-1,0.9751680032714541,-0.0001839976726780712,-0.059999917323205594,7093430632acc30c,-0.0001839976726780712,0.0,-0.0,0.02990795982526376,0.0,
0,-1,0.9740576897486256,-0.0011385869092337408,-0.06316357475515097,d0168e857b86847a,-0.0011385869092337408,0.0,-0.0,0.031012493922958618,0.0,
0,-1,0.9730906730434412,-0.0009927714912183472,-0.0649417256798956,4cf1ebf27ac7d87f,-0.0009927714912183472,0.0,-0.0,0.03197447709433863,0.0,
0,-1,0.9740219762525345,0.0009570569679602237,-0.06113898607699669,47cca0d6d7bea393,0.0009570569679602237,0.0,-0.0,0.03104802152247846,0.0,
0,-1,0.9727483528800233,-0.0013075920293004195,-0.06593762284192148,849dbbdf8384a6a3,-0.0013075920293004195,0.0,-0.0,0.03231501540631053,0.0,
0,-1,0.9722659005585049,-0.0004959682739014148,-0.06608588118950094,1daf5fc6970a7a1a,-0.0004959682739014148,0.0,-0.0,0.032794956457799763,0.0,
0,-1,0.9712021839478718,-0.0010940593617672079,-0.0688003317426384,934d9d1f65d1ebb4,-0.0010940593617672079,0.0,-0.0,0.0338531361904356,0.0,
0,-1,0.970841493548206,-0.00037138549071169535,-0.06879528372581395,4bdd562e7c94ff03,-0.00037138549071169535,0.0,-0.0,0.03421194911755113,0.0,
0,-1,0.9716968964922074,0.0008810943389688797,-0.06584090312758092,0c6e48ee877ac0db,0.0008810943389688797,0.0,-0.0,0.0333609987332749,0.0,
0,-1,0.9744168688793196,0.0027991983888506766,-0.05851117040780704,9da855edeaab7980,0.0027991983888506766,0.0,-0.0,0.030655184398328858,0.0,
0,-1,0.9789128331583071,0.004614004973208741,-0.047751240223568726,ebff7950c6b116c8,0.004614004973208741,0.0,-0.0,0.026182622598388734,0.0,
0,-1,0.9748574377872044,-0.0041427543226895125,-0.06457657181894828,230dc16bbe3e1f10,-0.0041427543226895125,0.0,-0.0,0.030216908748129385,0.0,
0,-1,0.9752174734748209,0.00036932137321932235,-0.059348172877067576,d8d3ccef1796dd10,0.00036932137321932235,0.0,-0.0,0.02985874712514345,0.0,
0,-1,0.9749701600440733,-0.000253598235751884,-0.06046314470635705,01f861426a7d8c91,-0.000253598235751884,0.0,-0.0,0.030104773235302584,0.0,
0,-1,0.9757698860107077,0.0008202568646800135,-0.057798163170376844,fc5e97f5e9920e25,0.0008202568646800135,0.0,-0.0,0.02930921001752843,0.0,
0,-1,0.9761534137767817,0.00039305144744927745,-0.057462305747550894,2ddaea7cfd48b4d8,0.00039305144744927745,0.0,-0.0,0.028927678597500086,0.0,
0,-1,0.977502646915615,0.0013821937410564145,-0.05378874328443212,6c2b181996224460,0.0013821937410564145,0.0,-0.0,0.027585468512744266,0.0,
0,-1,0.9774402846839357,-6.37975067137031e-05,-0.05535880977740426,53c020cc3a559bd5,-6.37975067137031e-05,0.0,-0.0,0.02764750613534528,0.0,
0,-1,0.9814889282789793,0.004142087919317361,-0.043097785315063246,0df84c2efebc1e2f,0.004142087919317361,0.0,-0.0,0.023619936617190303,0.0,
0,-1,0.9820930982958613,0.0006155647806862508,-0.045422258094528954,7d093c014f53f427,0.0006155647806862508,0.0,-0.0,0.023018911437607602,0.0,
0,-1,0.984999637672921,0.002959535488135545,-0.03729546698140416,5c5f7433ffb7dcf9,0.002959535488135545,0.0,-0.0,0.020127501234769852,0.0,
0,-1,0.98508868725029,9.040569555884836e-05,-0.03998742466436122,dffeb84f31e387c0,9.040569555884836e-05,0.0,-0.0,0.020038915179960034,0.0,
0,-1,0.9844800717702712,-0.0006178281081652415,-0.04190655347430507,b256587ad6d2d2b4,-0.0006178281081652415,0.0,-0.0,0.020644362683069913,0.0,
0,-1,0.983323647756144,-0.0011746545687285614,-0.04476418908243723,480425958a34dee9,-0.0011746545687285614,0.0,-0.0,0.021794767256854333,0.0,
0,-1,0.9826629759862299,-0.0006718762143285151,-0.04557587638526086,0832c13a645338df,-0.0006718762143285151,0.0,-0.0,0.022452000085466172,0.0,
0,-1,0.9818953609334993,-0.0007811580078715963,-0.04721239707522818,d213369d8396a94e,-0.0007811580078715963,0.0,-0.0,0.023215619533678292,0.0,
0,-1,0.9819145336419849,1.9526223718480118e-05,-0.046373567022962914,f58a8937ae4c7d17,1.9526223718480118e-05,0.0,-0.0,0.023196546623340697,0.0,
0,-1,0.9803221534367221,-0.0016217095793016334,-0.051182985860854825,5c1cb9d7052ab060,-0.0016217095793016334,0.0,-0.0,0.024780638140776596,0.0,
0,-1,0.9796895180739669,-0.0006453341491237108,-0.05146529514486579,9ce91a4931e40ce2,-0.0006453341491237108,0.0,-0.0,0.025409980497871038,0.0,
0,-1,0.9798838110938543,0.00019832101528383106,-0.05023507661615189,46f30145b9030477,0.00019832101528383106,0.0,-0.0,0.02521669881571786,0.0,
0,-1,0.9857751345515859,0.006012267363775803,-0.03269981461073241,ddf1f0de46cd5d7d,0.006012267363775803,0.0,-0.0,0.019356040987254106,0.0,
0,-1,0.9864391313748592,0.0006735783851712362,-0.03671742244065749,75e75fb8692db93c,0.0006735783851712362,0.0,-0.0,0.018695500412914363,0.0,
0,-1,0.9867517298214491,0.00031689582929883553,-0.03645216239014709,f9ede0f3ed82a918,0.00031689582929883553,0.0,-0.0,0.018384529109722964,0.0,
0,-1,0.986170821791183,-0.0005887073847554714,-0.03851353415760803,4982812adcce77e5,-0.0005887073847554714,0.0,-0.0,0.01896241338642628,0.0,
0,-1,0.9856848218136335,-0.0004928152068692793,-0.039384582462108915,b266fc213cd75a4d,-0.0004928152068692793,0.0,-0.0,0.019445883627619818,0.0,
0,-1,0.9860217140728741,0.00034178497201642344,-0.03787970496077333,b9c98f5e7552d784,0.00034178497201642344,0.0,-0.0,0.019110744966394876,0.0,
0,-1,0.98528797658971,-0.0007441392747156161,-0.04042546564513954,3bed1d64deed0ae1,-0.0007441392747156161,0.0,-0.0,0.019840663185211962,0.0,
0,-1,0.9847716589681886,-0.0005240271207900271,-0.04123261364158706,007a84c6beaa7882,-0.0005240271207900271,0.0,-0.0,0.020354293260398518,0.0,
0,-1,0.9849907281070162,0.00022245678663934676,-0.040050272062225126,c436e16aa7000a90,0.00022245678663934676,0.0,-0.0,0.020136364424432236,0.0,
0,-1,0.9848902973500147,-0.00010196111916149775,-0.04057450595384387,9563ea32c0cf7e39,-0.00010196111916149775,0.0,-0.0,0.020236272417341186,0.0,
0,-1,0.9843377934994212,-0.0005609800929911035,-0.04213278082169077,a697e104dc334a36,-0.0005609800929911035,0.0,-0.0,0.020785900364349835,0.0,
0,-1,0.9839178278197461,-0.00042664792762048265,-0.0428340079889328,d94897e38b1099d4,-0.00042664792762048265,0.0,-0.0,0.021203680030656157,0.0,
0,-1,0.9849150126486934,0.0010134838507368515,-0.0394098876836765,4382916d13448ab4,0.0010134838507368515,0.0,-0.0,0.020211685767206677,0.0,
0,-1,0.9816354334532914,-0.003329809326981792,-0.05027819739579538,3e17e176b1481619,-0.003329809326981792,0.0,-0.0,0.023474194034406794,0.0,
0,-1,0.9817617166221788,0.00012864569124526604,-0.04656849070291383,3395cd5df916d849,0.00012864569124526604,0.0,-0.0,0.023348568197079547,0.0,
0,-1,0.9806917197275515,-0.0010898743315319592,-0.049915865378442954,79ecfe1108ef8a13,-0.0010898743315319592,0.0,-0.0,0.024412995523455498,0.0,
0,-1,0.9810301167443432,0.0003450595227677544,-0.04780766035177677,33009bb5e7fee6b3,0.0003450595227677544,0.0,-0.0,0.024076359937272262,0.0,
0,-1,0.9809270552477605,-0.00010505436563423842,-0.048462824318007296,a0cf51322d7b9b4c,-0.00010505436563423842,0.0,-0.0,0.02417888497618653,0.0,
0,-1,0.9795384706734479,-0.0014155839283704896,-0.0525360672555282,be337cc3dd3729b3,-0.0014155839283704896,0.0,-0.0,0.025560241663578856,0.0,
0,-1,0.978352948302404,-0.0012102866875955964,-0.05468947294951026,02f435c14f2869ad,-0.0012102866875955964,0.0,-0.0,0.02673959313095733,0.0,
0,-1,0.9783675911773037,1.4966863364662686e-05,-0.05343508608749441,7036995f1cb0feb6,1.4966863364662686e-05,0.0,-0.0,0.026725026475429535,0.0,
0,-1,0.9783934610306622,2.6441854362180273e-05,-0.05337214070628847,31e4b1e6df499f01,2.6441854362180273e-05,0.0,-0.0,0.026699291280325325,0.0,
0,-1,0.9803264805984917,0.0019757077748591145,-0.04757695923080495,9f2fc86fe4e1f7b0,0.0019757077748591145,0.0,-0.0,0.02477633350283203,0.0,
0,-1,0.9812625122013796,0.000954816197881958,-0.04673553210112373,2fb527ee9ab5ba2b,0.000954816197881958,0.0,-0.0,0.023845174149502844,0.0,
0,-1,0.9798484159354067,-0.001441098837863919,-0.05194491830708652,d4aacd2b01c4ce10,-0.001441098837863919,0.0,-0.0,0.025251909734611302,0.0,
0,-1,0.979381834274289,-0.0004761773898183108,-0.05190830286174673,bf42627056abd06a,-0.0004761773898183108,0.0,-0.0,0.02571606273596421,0.0,
0,-1,0.9785175478102871,-0.0008824816162149585,-0.05403418241536145,74201e12c1b4b4cc,-0.0008824816162149585,0.0,-0.0,0.026575850399573244,0.0,
0,-1,0.9775542030642923,-0.0009844940932848267,-0.0560528555435162,b764435d6c2052c5,-0.0009844940932848267,0.0,-0.0,0.027534180725115688,0.0,
0,-1,0.9778465851617487,0.0002990955351017677,-0.05418754554596138,815dcb3e4c04e9e4,0.0002990955351017677,0.0,-0.0,0.027243320540531572,0.0,
0,-1,0.9783453949322442,0.0005101104591094252,-0.052984103909232076,6ba35eb88cd62622,0.0005101104591094252,0.0,-0.0,0.02674710718417075,0.0,
0,-1,0.978560155760796,0.0002195143245569131,-0.05284741414100562,5217789707cc9880,0.0002195143245569131,0.0,-0.0,0.026533464232781266,0.0,
0,-1,0.9790386967442093,0.0004890256164591378,-0.0516258027035916,a67eb4cf7bdd17eb,0.0004890256164591378,0.0,-0.0,0.02605741416002537,0.0,
0,-1,0.9786999687745618,-0.00034598016480247296,-0.053134738117567235,21b5dd93c2c562c7,-0.00034598016480247296,0.0,-0.0,0.02639437897638238,0.0,
0,-1,0.9782520630166252,-0.00045765379812712226,-0.05413756037157074,c6dc869f307f3a33,-0.00045765379812712226,0.0,-0.0,0.02683995328672181,0.0,
0,-1,0.9778519030399346,-0.0004090561030420936,-0.054885116789175396,9ffc4825632fc7ce,-0.0004090561030420936,0.0,-0.0,0.02723803034306665,0.0,
0,-1,0.9733757268138757,-0.004577560479397169,-0.06795937466185467,a8ecca1f28377667,-0.004577560479397169,0.0,-0.0,0.03169090709122875,0.0,
0,-1,0.9732694322315862,-0.00010920200633868227,-0.06370249878019955,2d9d8d1626c380a3,-0.00010920200633868227,0.0,-0.0,0.031796648386930436,0.0,
0,-1,0.9721878795194452,-0.0011112572493530148,-0.06685640000986973,f0ba81ad8ea44e50,-0.0011112572493530148,0.0,-0.0,0.032872571380258356,0.0,
0,-1,0.9706788023855496,-0.001552248454940175,-0.07029983532906733,051732b5b5d292f7,-0.001552248454940175,0.0,-0.0,0.03437379343706358,0.0,
0,-1,0.9716863800564309,0.0010380134689301768,-0.06570490738846818,4f2827be807c2156,0.0010380134689301768,0.0,-0.0,0.03337146042869918,0.0,
0,-1,0.9729204231265166,0.0012700014072586363,-0.06301768023903598,2c39cb8e2fa8b10e,0.0012700014072586363,0.0,-0.0,0.03214384082314731,0.0,
0,-1,0.9741851190318879,0.0012998965540338414,-0.060471559320032016,74eb0aea99252bd5,0.0012998965540338414,0.0,-0.0,0.03088572793703293,0.0,
0,-1,0.976087101230825,0.0019523827266292315,-0.056034909217625405,d9e183f18efa0299,0.0019523827266292315,0.0,-0.0,0.028993645972127318,0.0,
0,-1,0.9752271318584878,-0.000881037533692286,-0.06057931556465138,743efe2dec817d14,-0.000881037533692286,0.0,-0.0,0.02984913901547955,0.0,
0,-1,0.9761971379326522,0.0009946463162030517,-0.056773717754676885,9f6f96acc6c163d2,0.0009946463162030517,0.0,-0.0,0.028884182035439968,0.0,
0,-1,0.9767365633124778,0.0005525783254886063,-0.05614255064029851,5092267c6611639c,0.0005525783254886063,0.0,-0.0,0.028347564482893557,0.0,
0,-1,0.9696822237132784,-0.00722235643076119,-0.07795272582879174,3f6dedde2b354ceb,-0.00722235643076119,0.0,-0.0,0.03536518469901528,0.0,
0,-1,0.9766162149033178,0.007150787155287275,-0.0497837857491486,40a9fab0c59fd137,0.007150787155287275,0.0,-0.0,0.028467286452217938,0.0,
0,-1,0.9770102285030289,0.0004034477348401344,-0.05574719982438758,62cef123e379bea2,0.0004034477348401344,0.0,-0.0,0.02807532377961386,0.0,
0,-1,0.9775944235486861,0.0005979415860899451,-0.054390397608219405,7144e83779aae07e,0.0005979415860899451,0.0,-0.0,0.027494169597154675,0.0,
0,-1,0.97658060712139,-0.0010370521791807086,-0.058042469954860405,5c699a0a107da590,-0.0010370521791807086,0.0,-0.0,0.02850270888783985,0.0,
0,-1,0.9748397749060226,-0.0017825791365024823,-0.06225153851679252,78a177f065b9a2fd,-0.0017825791365024823,0.0,-0.0,0.03023447969014502,0.0,
0,-1,0.9727648990636144,-0.0021284275588859813,-0.0667255382573458,2273241b0b21f69a,-0.0021284275588859813,0.0,-0.0,0.03229855534922991,0.0,
0,-1,0.9737687321129427,0.0010319379844960785,-0.061567956957189945,07fb2ad5cf341938,0.0010319379844960785,0.0,-0.0,0.03129994747084301,0.0,
0,-1,0.9732415981685794,-0.0005413338167261639,-0.06419000895180912,0c1dfb589276b834,-0.0005413338167261639,0.0,-0.0,0.03182433756754148,0.0,
0,-1,0.9730662380164251,-0.00018018152171483948,-0.0641777513850866,4e9a8c61f1744479,-0.00018018152171483948,0.0,-0.0,0.031998784931685884,0.0,
0,-1,0.971580318519544,-0.0015270486620830859,-0.06848098844618448,11c57d1868afcff1,-0.0015270486620830859,0.0,-0.0,0.0334769698920507,0.0,
0,-1,0.971739193440006,0.0001635221684030963,-0.06647432173230877,6b4f82ad7c60d348,0.0001635221684030963,0.0,-0.0,0.033318921950355934,0.0,
0,-1,0.9717006657095568,-3.964822115776201e-05,-0.06675414649221277,88d1ae75708ec080,-3.964822115776201e-05,0.0,-0.0,0.033357249135527504,0.0,
0,-1,0.9717247436317182,2.4779155774146133e-05,-0.06664181393267772,c31c7f9db53e8605,2.4779155774146133e-05,0.0,-0.0,0.033333296544225934,0.0,
0,-1,0.9719125607322455,0.00019328220440839594,-0.06609963194129928,22383b88a5b0f37c,0.00019328220440839594,0.0,-0.0,0.03314645707285384,0.0,
0,-1,0.9714596983350886,-0.00046594973195501765,-0.06765987417599605,ecf9a942d11386a4,-0.00046594973195501765,0.0,-0.0,0.033596962222020514,0.0,
0,-1,0.9729325367911872,0.0015161086544535074,-0.06274747177105688,ab712228e0ad4b40,0.0015161086544535074,0.0,-0.0,0.032131790212755196,0.0,
0,-1,0.9704462123800182,-0.002555495183015566,-0.07176584070433643,464fdeceff7f224a,-0.002555495183015566,0.0,-0.0,0.034605172760660434,0.0,
0,-1,0.9685427032793323,-0.001961478211159662,-0.07495902557007293,8d65ee4f3fb064e7,-0.001961478211159662,0.0,-0.0,0.036498773679456635,0.0,
0,-1,0.9675284112197702,-0.0010472352495434212,-0.076062807502819,ae56e8f42fe5dec8,-0.0010472352495434212,0.0,-0.0,0.03750778612663779,0.0,
0,-1,0.9675250691494209,-3.454234842603654e-06,-0.07502567583639998,08a054e40e0ccde1,-3.454234842603654e-06,0.0,-0.0,0.03751111080077869,0.0,
0,-1,0.967482099970355,-4.441143742539566e-05,-0.07515212406913331,7e3082af94124cf7,-4.441143742539566e-05,0.0,-0.0,0.03755385631585396,0.0,
0,-1,0.9665655055684428,-0.000947401922929858,-0.0778787612091234,b78f63c28063c34b,-0.000947401922929858,0.0,-0.0,0.03846567964309677,0.0,
0,-1,0.9587415527746829,-0.008094591363632997,-0.10059240546062204,131734f1f33ee41a,-0.008094591363632997,0.0,-0.0,0.04624890704849452,0.0,
0,-1,0.958038297009017,-0.0007335196473237104,-0.09463052407498555,c3f0848693ae1a66,-0.0007335196473237104,0.0,-0.0,0.04694850221383092,0.0,
0,-1,0.9638199480109112,0.0060348850562074174,-0.07635900688788255,760c7c6ef412a9aa,0.0060348850562074174,0.0,-0.0,0.041196945972044985,0.0,
0,-1,0.9615787101304432,-0.002325369883756201,-0.08917840532042633,860ce5e776434184,-0.002325369883756201,0.0,-0.0,0.04342651771833506,0.0,
0,-1,0.9609891650330885,-0.0006131012377288414,-0.08863908944632985,978656ffffae7432,-0.0006131012377288414,0.0,-0.0,0.044012994104300505,0.0,
0,-1,0.9593013638216991,-0.0017563165879517229,-0.09314033646919449,d922e405610ee1b8,-0.0017563165879517229,0.0,-0.0,0.045692009940621385,0.0,
0,-1,0.9618563426259167,0.0026633745145935306,-0.08363728620705481,80b93ea5f77c3cfc,0.0026633745145935306,0.0,-0.0,0.04315033036082417,0.0,
0,-1,0.9607742450971394,-0.0011250095059134324,-0.08957860017571022,814d7a850dfed707,-0.0011250095059134324,0.0,-0.0,0.04422679533489839,0.0,
0,-1,0.9612450979208603,0.0004900764421233994,-0.08702671036443518,1ecb55d5ee728a86,0.0004900764421233994,0.0,-0.0,0.04375839340327929,0.0,
0,-1,0.9610678836471428,-0.00018435909228653458,-0.08805372956804261,9e1a41909ee4971a,-0.00018435909228653458,0.0,-0.0,0.04393468523787804,0.0,
0,-1,0.961161640667844,9.755504506658852e-05,-0.08758527744095305,d3998f0330e98638,9.755504506658852e-05,0.0,-0.0,0.04384141624300982,0.0,
0,-1,0.9601437779476348,-0.0010589922414110386,-0.09076695377094522,0a2426027b190a0e,-0.0010589922414110386,0.0,-0.0,0.04485398076476709,0.0,
0,-1,0.9582346208715403,-0.0019884074864031653,-0.09549480800644843,0f47611e9aba0739,-0.0019884074864031653,0.0,-0.0,0.04675320026002263,0.0,
0,-1,0.958192467625221,-4.399052737302789e-05,-0.09363425870629283,8b8c461228e6d8bb,-4.399052737302789e-05,0.0,-0.0,0.0467951340894599,0.0,
0,-1,0.9586607958229474,0.000488762136574783,-0.09216972514863321,8ebd60da1f88133d,0.000488762136574783,0.0,-0.0,0.046329243642604,0.0,
0,-1,0.9595327381991656,0.0009095421237808043,-0.09001413771117721,5fdc3d4229e8b8c4,0.0009095421237808043,0.0,-0.0,0.045461839917479006,0.0,
0,-1,0.9597628616824168,0.00023982869379013394,-0.09022599986095711,167304a1a2e150e8,0.00023982869379013394,0.0,-0.0,0.04523291427737362,0.0,
0,-1,0.9604253714479756,0.0006902848526535443,-0.08845742118792066,49870f22294b98a4,0.0006902848526535443,0.0,-0.0,0.0445738530202871,0.0,
0,-1,0.9614322718606683,0.001048390059890436,-0.08609599742977776,c54c33c8fd13bcd7,0.001048390059890436,0.0,-0.0,0.0435721937448341,0.0,
0,-1,0.9630763986783232,0.001710080747001741,-0.08216316918791863,72aedc901b8138e4,0.001710080747001741,0.0,-0.0,0.04193662496746019,0.0,
0,-1,0.9616915846733322,-0.0014379066986704991,-0.08806636812301118,2af60c90df1d0632,-0.0014379066986704991,0.0,-0.0,0.04331423071217034,0.0,
0,-1,0.9618788728150599,0.00019474865405144648,-0.08606108623845125,f95cb039f70665bf,0.00019474865405144648,0.0,-0.0,0.04312791744625135,0.0,
0,-1,0.9642069643184378,0.002420358289567659,-0.07920353004880548,14d2cb781011c56d,0.002420358289567659,0.0,-0.0,0.04081194416918657,0.0,
0,-1,0.9682948476903843,0.00423963269632277,-0.06925104555520525,a2c783e8fb9aa678,0.00423963269632277,0.0,-0.0,0.03674533912576401,0.0,
0,-1,0.9689295128733907,0.0006554462047589915,-0.07157250882339614,f94422d5a171ea81,0.0006554462047589915,0.0,-0.0,0.036113977514077564,0.0,
0,-1,0.9808411439604843,0.01229359920286588,-0.03623509894991616,89c91763c89fe894,0.01229359920286588,0.0,-0.0,0.02426434907639102,0.0,
0,-1,0.9822252545633333,0.0014111465565771475,-0.04436373958834403,c089253bbfc664e9,0.0014111465565771475,0.0,-0.0,0.02288744307246059,0.0,
0,-1,0.980295804862429,-0.001964365802997081,-0.05157806493293335,b766d6cd16aa23b9,-0.001964365802997081,0.0,-0.0,0.024806849564968134,0.0,
0,-1,0.9781827127162621,-0.0021555658360319363,-0.055973451043188335,5331568a57ce95b9,-0.0021555658360319363,0.0,-0.0,0.0269089426035782,0.0,
0,-1,0.9769720573178354,-0.001237657732740871,-0.05746425028359254,3e2f321a574be313,-0.001237657732740871,0.0,-0.0,0.028113296275425834,0.0,
0,-1,0.9775028443985435,0.0005432981186433983,-0.05462724599687181,ade751b833785af5,0.0005432981186433983,0.0,-0.0,0.027585272057757605,0.0,
0,-1,0.9783203651985017,0.000836335980650027,-0.052707677284681016,8ab5f80af1a7d7fd,0.000836335980650027,0.0,-0.0,0.02677200663266552,0.0,
0,-1,0.9790298740129021,0.0007252315699840528,-0.05140715036418241,c4fd89a8f1a64e6c,0.0007252315699840528,0.0,-0.0,0.026066190967083232,0.0,
0,-1,0.9785115181984956,-0.0005294586285522485,-0.05369315588038111,ad45e6f4e5b70dec,-0.0005294586285522485,0.0,-0.0,0.02658184862591443,0.0,
0,-1,0.9780914104629298,-0.0004293334598035603,-0.054428872677162426,16208c5f1e50f3e8,-0.0004293334598035603,0.0,-0.0,0.026999769608679433,0.0,
0,-1,0.977842490636817,-0.0002544954627450302,-0.05474928296787291,af609a81e018bf84,-0.0002544954627450302,0.0,-0.0,0.02724739375256394,0.0,
0,-1,0.9779059085012369,6.48548871898802e-05,-0.054303757096854005,7cd2c85a96066288,6.48548871898802e-05,0.0,-0.0,0.027184305992021943,0.0,
0,-1,0.974558962475319,-0.003422564478670065,-0.06445022533992287,75bdb3f5a5577b0f,-0.003422564478670065,0.0,-0.0,0.0305138304306264,0.0,
0,-1,0.9745201972987219,-3.977714852543279e-05,-0.061144564800498874,94cb90d508b4ab36,-3.977714852543279e-05,0.0,-0.0,0.03055239382598672,0.0,
0,-1,0.974786686686608,0.0002734570187716834,-0.06030112612872239,4dc7599c626dfbe6,0.0002734570187716834,0.0,-0.0,0.030287291573747037,0.0,
0,-1,0.9752472383517216,0.00047246404921574836,-0.05918581031268015,31458d85e7d3be50,0.00047246404921574836,0.0,-0.0,0.02982913718094795,0.0,
0,-1,0.9749803511070196,-0.0002736611130045308,-0.060462931551147674,02d14d6743cec7dc,-0.0002736611130045308,0.0,-0.0,0.03009463521907157,0.0,
0,-1,0.9763334565245689,0.0013878283967597715,-0.05610931762655782,f3fdc47366a6cae9,0.0013878283967597715,0.0,-0.0,0.028748573011658795,0.0,
0,-1,0.9756185484248296,-0.0007322376335274772,-0.059651757349761386,ee98c1753fb524d0,-0.0007322376335274772,0.0,-0.0,0.029459759858116955,0.0,
0,-1,0.979756033726124,0.004240884214403717,-0.046446737934107606,579a93149d6fe1d3,0.004240884214403717,0.0,-0.0,0.02534381107425566,0.0,
0,-1,0.982038300423698,0.002329423467691716,-0.04381742468199072,8078cb9dfae3a372,0.002329423467691716,0.0,-0.0,0.02307342407484122,0.0,
0,-1,0.9872736467907614,0.005331102019956568,-0.03039955564519841,943f37e43bb909ec,0.005331102019956568,0.0,-0.0,0.01786532883257749,0.0,
0,-1,0.9849710634250762,-0.002332264588617239,-0.04264411808340629,d6c41fd8c6f6875d,-0.002332264588617239,0.0,-0.0,0.020155926747394526,0.0,
0,-1,0.984184007281523,-0.0007990652444309632,-0.04267683742701576,d125d6efb6ece8c0,-0.0007990652444309632,0.0,-0.0,0.020938886091292398,0.0,
0,-1,0.9823405912446045,-0.0018730400243043288,-0.04741845351207109,11be594196ebe9a5,-0.0018730400243043288,0.0,-0.0,0.022772706743883382,0.0,
0,-1,0.9822322708317653,-0.0001102676747806175,-0.04587119432526637,bd97d3cb660af458,-0.0001102676747806175,0.0,-0.0,0.022880463325242878,0.0,
0,-1,0.9818384652790644,-0.0004009291533126902,-0.04694536722084701,cc1134b2f643ae38,-0.0004009291533126902,0.0,-0.0,0.02327221903376716,0.0,
0,-1,0.9828074341652034,0.0009868923661120466,-0.04362969531981203,8081b5e7cb46b7e3,0.0009868923661120466,0.0,-0.0,0.022308293842962037,0.0,
0,-1,0.9827024604873649,-0.00010681001607171225,-0.04493225223569139,437c354368a920e0,-0.00010681001607171225,0.0,-0.0,0.02241272110980984,0.0,
0,-1,0.98295030312419,0.00025220516564306017,-0.044080131930770455,d65c6b60f339fd84,0.00025220516564306017,0.0,-0.0,0.022166168548206758,0.0,
0,-1,0.9824030980986407,-0.0005566965326833095,-0.04597774703611619,db7f46bb40fde18f,-0.0005566965326833095,0.0,-0.0,0.02271052525171644,0.0,
0,-1,0.9811227828854435,-0.0013032483465036382,-0.04927160063397885,0f55dee20fbedfde,-0.0013032483465036382,0.0,-0.0,0.023984176143737605,0.0,
0,-1,0.9797917742868799,-0.0013566177666868295,-0.0519731308685838,7643e9ff0457139e,-0.0013566177666868295,0.0,-0.0,0.025308256550948486,0.0,
0,-1,0.9798897375452792,9.99837526401981e-05,-0.0503216226729017,d78d291f64284468,9.99837526401981e-05,0.0,-0.0,0.02521080321277095,0.0,
0,-1,0.9808259636753704,0.0009554402849821786,-0.04760346040460808,213e6fd3af21aa50,0.0009554402849821786,0.0,-0.0,0.02427945034479513,0.0,
0,-1,0.9797161488588042,-0.00113151043882187,-0.051898487103027975,86f0dafbf7172f3a,-0.00113151043882187,0.0,-0.0,0.025383488332103053,0.0,
0,-1,0.980098147432198,0.0003899073969931832,-0.049617048892950696,46de61545b15eec3,0.0003899073969931832,0.0,-0.0,0.02500347814497194,0.0,
0,-1,0.9788860712312775,-0.0012366885950108042,-0.05365517904246121,84edae582aea0e49,-0.0012366885950108042,0.0,-0.0,0.026209245223725204,0.0,
0,-1,0.9784084031776512,-0.0004879710393932424,-0.053856824860362994,4b392d8679abb783,-0.0004879710393932424,0.0,-0.0,0.026684426910484876,0.0,
0,-1,0.979424350340043,0.0010383671676288397,-0.0503091687836649,f1e410e7ddf86f98,0.0010383671676288397,0.0,-0.0,0.02567376797564687,0.0,
0,-1,0.9782937172775062,-0.0011543852898330265,-0.05475141698062145,3994dc14294a91e3,-0.0011543852898330265,0.0,-0.0,0.02679851584539421,0.0,
0,-1,0.9781115728679252,-0.00018618581144314028,-0.054145610118281645,894838db14c299f3,-0.00018618581144314028,0.0,-0.0,0.026979712153419252,0.0,
0,-1,0.9793773225073241,0.0012940749036306487,-0.050147027132756636,9165e9c9c4455fd8,0.0012940749036306487,0.0,-0.0,0.025720551018193642,0.0,
0,-1,0.9803952870482093,0.0010393997466462412,-0.04837637066487235,fea7976b15aeb63a,0.0010393997466462412,0.0,-0.0,0.024707885205759294,0.0,
0,-1,0.9755057551337636,-0.004987306629316013,-0.06413123870010057,ca7ba36b0dda9818,-0.004987306629316013,0.0,-0.0,0.029571966035392278,0.0,
0,-1,0.9758830328810211,0.00038675091896900327,-0.05800655328395746,3541a729d907e9b8,0.00038675091896900327,0.0,-0.0,0.02919665210146323,0.0,
0,-1,0.9764676098839689,0.00059902363628761,-0.056631212263482084,28e710a75af2f7a4,0.00059902363628761,0.0,-0.0,0.028615117949884847,0.0,
0,-1,0.977961211517371,0.0015295966996585753,-0.05272898498074662,b672fd66fe39c3b9,0.0015295966996585753,0.0,-0.0,0.0271292908402026,0.0,
0,-1,0.9773707244822557,-0.000603793921641449,-0.056037202443514095,596e82954fd5ff11,-0.000603793921641449,0.0,-0.0,0.027716704260936323,0.0,
0,-1,0.9779507505454931,0.0005934555319779822,-0.0536859391888823,5f017aded179c16f,0.0005934555319779822,0.0,-0.0,0.02713969736043014,0.0,
0,-1,0.9774466509627487,-0.0005154652036036822,-0.05579781119242011,7eec02b1ad16bb54,-0.0005154652036036822,0.0,-0.0,0.027641172994408214,0.0,
0,-1,0.9773247777393942,-0.00012468529431708397,-0.055649508976187555,e68bec746000b77d,-0.00012468529431708397,0.0,-0.0,0.027762411840935235,0.0,
0,-1,0.977173692623317,-0.00015459048979260537,-0.05598001154155969,6b87a3688c9047cf,-0.00015459048979260537,0.0,-0.0,0.027912710525883542,0.0,
0,-1,0.9763614957505466,-0.0008311694009996984,-0.05827252887298994,c76e7034056e0ad9,-0.0008311694009996984,0.0,-0.0,0.02872067973599512,0.0,
0,-1,0.9782959539929897,0.0019812930465432643,-0.05161128849846639,bfc5722a49a4827a,0.0019812930465432643,0.0,-0.0,0.026796290772504828,0.0,
0,-1,0.977906744861182,-0.00039784395531761163,-0.054764791926344834,c5a0ddf932aa2bdd,-0.00039784395531761163,0.0,-0.0,0.02718347398551361,0.0,
0,-1,0.978262951489984,0.0003642541895468865,-0.05329398879095761,150723db6c4a85a3,0.0003642541895468865,0.0,-0.0,0.02682912149025225,0.0,
0,-1,0.9780480951364711,-0.00021963047173123584,-0.05430534941048011,dd061a3c3bef6f13,-0.00021963047173123584,0.0,-0.0,0.027042859469374438,0.0,
0,-1,0.9797515482429491,0.0017416864415449318,-0.048954859977470955,9e51b5b6829af51d,0.0017416864415449318,0.0,-0.0,0.025348273209507943,0.0,
0,-1,0.9843262674549679,0.00466926459082706,-0.03692546823560623,36b3664b1b7dab9d,0.00466926459082706,0.0,-0.0,0.020797366413216646,0.0,
0,-1,0.9841878371105952,-0.00014063461369429042,-0.04201078700833338,593e2b90a3d13ae2,-0.00014063461369429042,0.0,-0.0,0.020935076197319546,0.0,
0,-1,0.9898307470022424,0.005733570034977986,-0.02490950774083486,63b31db9a0a9b54e,0.005733570034977986,0.0,-0.0,0.015321538887906423,0.0,
0,-1,0.9927669852081685,0.0029664043219698177,-0.021834764568255862,bac0a8193d3189b4,0.0029664043219698177,0.0,-0.0,0.01240058444511284,0.0,
0,-1,0.9933051207243365,0.0005420562168021448,-0.02318844386760019,ac0c63ac754e6c4d,0.0005420562168021448,0.0,-0.0,0.011865250042201167,0.0,
2,1,0.9917890829907112,-0.0015266238193112677,-0.22812341675389045,7c1ef82d98b78043,-0.0012266238193112677,0.00030000000000000003,-2.0,0.013373396467289578,0.00030000000000000003,
2,1,0.9966814007753417,0.004932820766566426,-0.012080267770506515,47598934684f5b3b,0.004932820766566426,0.0,-0.0,0.00850654426853647,0.0,
2,1,1.001880746733699,0.005216657955403381,-0.0014518661345257486,cd15b7732af58804,0.005216657955403381,0.0,-0.0,0.003334262044964565,0.0,
0,-1,1.0004983586730551,-0.0013801170545458038,-0.2106490260003445,6a773c8097ff0e7c,-0.0010801170545458039,0.00030000000000000003,-2.0,0.004709454472899337,0.00030000000000000003,
0,-1,1.0014874721845841,0.0009886208237670502,-0.006462358204018438,0b2143fc12315633,0.0009886208237670502,0.0,-0.0,0.003725489513892744,0.0,
0,-1,0.9988815084150069,-0.0026020932282784237,-0.015237870570548597,0aac11f07524c91c,-0.0026020932282784237,0.0,-0.0,0.0063178886711350865,0.0,
0,-1,0.9998874540641371,0.001007072050744351,-0.00962728632823766,5743318b64c64091,0.001007072050744351,0.0,-0.0,0.005317179189491005,0.0,
0,-1,0.9986889180399565,-0.0011986709297222564,-0.014217624071903547,c362fb3d3d33d4a4,-0.0011986709297222564,0.0,-0.0,0.006509476571090645,0.0,
0,-1,0.9996444504133921,0.0009567867993478529,-0.010161049106645545,b489731c729eebd7,0.0009567867993478529,0.0,-0.0,0.005558917952996699,0.0,
0,-1,0.999519141171756,-0.0001253538111318786,-0.011492503676286613,29c404dfd99c03aa,-0.0001253538111318786,0.0,-0.0,0.005683574932577367,0.0,
0,-1,0.9996779934596783,0.00015892871019573818,-0.010892170301034268,174bafaac38ed1bd,0.00015892871019573818,0.0,-0.0,0.005525549505615003,0.0,
0,-1,1.000005323178219,0.0003274351548021581,-0.01007241206513903,af45a38cd2dea72e,0.0003274351548021581,0.0,-0.0,0.005199923609970594,0.0,
0,-1,0.9990823810174686,-0.0009229372477910225,-0.013159060556943693,dd536eb9be65ffd1,-0.0009229372477910225,0.0,-0.0,0.006118061654576335,0.0,
0,-1,0.9989872529640511,-9.521542489876467e-05,-0.01252060451616906,acdf85716564c852,-9.521542489876467e-05,0.0,-0.0,0.006212694545635148,0.0,
0,-1,1.0009595327688674,0.001974279250275046,-0.006527082528304454,9886457aa8409363,0.001974279250275046,0.0,-0.0,0.00425068088928975,0.0,
0,-1,1.000487127210468,-0.00047195270431421577,-0.009913207650840344,314917b820f5bfa1,-0.00047195270431421577,0.0,-0.0,0.004720627473263064,0.0,
0,-1,1.000512231458478,2.5092025001671736e-05,-0.009366215771726024,98ca5acd35d14fe3,2.5092025001671736e-05,0.0,-0.0,0.004695653898363848,0.0,
0,-1,0.9997239185112253,-0.0007879093552944916,-0.01174763636333963,01422f6913025755,-0.0007879093552944916,0.0,-0.0,0.005479863504022569,0.0,
0,-1,0.9972674527366331,-0.0024571441466063604,-0.01830422981879802,d20b1dceae6c681e,-0.0024571441466063604,0.0,-0.0,0.00792354283609583,0.0,
0,-1,0.9982551994089448,0.0009904531323080557,-0.01289142207090978,80ecd28413acdc7c,0.0009904531323080557,0.0,-0.0,0.0069409376016089175,0.0,
0,-1,0.9985036254226528,0.00024886022517600637,-0.013138749174278807,72947adb8961ef8a,0.00024886022517600637,0.0,-0.0,0.0066938046997274065,0.0,
0,-1,0.9970848417729208,-0.0014209098631279282,-0.017631316402599174,b67a16cc30db1591,-0.0014209098631279282,0.0,-0.0,0.008105203269735623,0.0,
0,-1,0.9950452372812487,-0.0020455676450215066,-0.022313949991405957,deb307da55b93c34,-0.0020455676450215066,0.0,-0.0,0.010134191173192225,0.0,
0,-1,0.9963300573761541,0.0012912177725868945,-0.016420899924131226,50b0e97e281b4890,0.0012912177725868945,0.0,-0.0,0.00885605884835906,0.0,
0,-1,0.9934983350943667,-0.0028421528195634593,-0.02618823561015623,7d6eed10be4e3b3b,-0.0028421528195634593,0.0,-0.0,0.011673041395296384,0.0,
0,-1,0.9950514846592807,0.001563313706777758,-0.018692638921485337,d934109ba69503be,0.001563313706777758,0.0,-0.0,0.010127976314131548,0.0,
0,-1,0.9950281417760939,-2.34589702610144e-05,-0.020325854355255902,b6ac9236cd7419ce,-2.34589702610144e-05,0.0,-0.0,0.010151197692497444,0.0,
0,-1,0.9955744389423437,0.0005490268499086515,-0.0186664613954528,cc2d58ee351e0630,0.0005490268499086515,0.0,-0.0,0.009607744122680726,0.0,
0,-1,0.993986945061841,-0.0015945506618160188,-0.02396850016131072,36088d43b2d21192,-0.0015945506618160188,0.0,-0.0,0.01118697474974735,0.0,
0,-1,0.993537934735837,-0.0004517265827632677,-0.023719022340034177,04b7aba5f96da6f9,-0.0004517265827632677,0.0,-0.0,0.011633647878635455,0.0,
0,-1,0.9939568306547834,0.00042162045786187097,-0.02201224435157582,ff5b9263b260d4db,0.00042162045786187097,0.0,-0.0,0.011216932404718846,0.0,
0,-1,0.9952715687019504,0.001322731537848676,-0.018495344176391162,9bac41685820d258,0.001322731537848676,0.0,-0.0,0.00990903785711992,0.0,
0,-1,0.9944999151713538,-0.0007753195759454545,-0.022128669100017467,80c6a801e652f767,-0.0007753195759454545,0.0,-0.0,0.010676674762036006,0.0,
0,-1,0.9945544872055814,5.48738450302233e-05,-0.021189899729374285,49bc3127e4f904c0,5.48738450302233e-05,0.0,-0.0,0.010622386787202254,0.0,
0,-1,0.9942036993622746,-0.0003527085220764725,-0.022295405927944593,13c98b2a63c6ac30,-0.0003527085220764725,0.0,-0.0,0.01097134870293406,0.0,
0,-1,0.9945859719353701,0.00038450125798239476,-0.020797630626677045,54ded9395919b569,0.00038450125798239476,0.0,-0.0,0.01059106594232972,0.0,
0,-1,0.9957912305661942,0.0012118194553647488,-0.0175723424380892,87d5747938d7f43a,0.0012118194553647488,0.0,-0.0,0.009392080946726975,0.0,
0,-1,0.9953236750744311,-0.0004695316421869933,-0.020183937061633964,5d23a950981fb83e,-0.0004695316421869933,0.0,-0.0,0.009857202709723486,0.0,
0,-1,0.9957560064268287,0.000434362572924174,-0.018419880900536218,abaddbe1efa31665,0.000434362572924174,0.0,-0.0,0.009427121736730196,0.0,
0,-1,0.9965368686516267,0.0007841903234910852,-0.016516457818275848,ea9fa62c3b7d653c,0.0007841903234910852,0.0,-0.0,0.008650324070883467,0.0,
0,-1,0.9993563701632865,0.002829299748312253,-0.008861697616263625,98191ef0c9bb2714,0.002829299748312253,0.0,-0.0,0.005845498682287939,0.0,
0,-1,1.0036797580497578,0.004326172340068268,0.0012369423862023223,c7c511507e49bb0f,0.004326172340068268,0.0,-0.0,0.001544614976932973,0.0,
0,-1,1.0034372018766218,-0.00024166689742499692,-0.0038134840815223733,0da69590c21e15d9,-0.00024166689742499692,0.0,-0.0,0.0017859085920486882,0.0,
0,-1,1.0026442244257694,-0.0007902611636974033,-0.005939778006785363,e9282781e14996b0,-0.0007902611636974033,0.0,-0.0,0.0025747584215439798,0.0,
0,-1,1.0037385196580226,0.0010914093011208381,-0.0018809091703045366,71648d8b9f733d50,0.0010914093011208381,0.0,-0.0,0.0014861592357126874,0.0,
0,-1,1.0027631256829712,-0.0009717610273478616,-0.005884713170217398,8b25255b2b1dc667,-0.0009717610273478616,0.0,-0.0,0.0024564760714347682,0.0,
0,-1,1.0028524052272636,8.903353344924536e-05,-0.004646288960010306,8eae5becf6bee93b,8.903353344924536e-05,0.0,-0.0,0.0023676612467297756,0.0,
0,-1,1.0023342898576166,-0.0005166416981665645,-0.006282801122904714,afc65c793e369e48,-0.0005166416981665645,0.0,-0.0,0.002883079712369075,0.0,
2,1,0.9943654214278919,-0.007952605883255004,-0.2294235427554518,ae083e2e1ae01760,-0.007652605883255004,0.00030000000000000003,-2.0,0.010810468436098385,0.00030000000000000003,
2,1,0.9969565770624684,0.002605838435990382,-0.013859762232549325,83cee63c2e2b19aa,0.002605838435990382,0.0,-0.0,0.008232800334269853,0.0,
2,1,0.9954436001286491,-0.001517595619136558,-0.020993399402508304,d4fb6f90d1e48f87,-0.001517595619136558,0.0,-0.0,0.009737901891685873,0.0,
2,1,0.9962245239539637,0.0007844983133284966,-0.017137587578605003,19fd30d4a93f2b7b,0.0007844983133284966,0.0,-0.0,0.00896104294596675,0.0,
2,1,0.9978417920050994,0.0016233971481818266,-0.013080989110514356,7ee83c385e8fc1e1,0.0016233971481818266,0.0,-0.0,0.007352193129348091,0.0,
2,1,0.9971062121438351,-0.000737170829241518,-0.01690505910180898,245aa84cb42d033b,-0.000737170829241518,0.0,-0.0,0.008083944136283732,0.0,
2,1,0.9988897413964893,0.0017887053865801583,-0.010830691701669714,a71153cc47ba2a23,0.0017887053865801583,0.0,-0.0,0.006309698544124936,0.0,
2,1,0.9986998005692999,-0.00019015194502236543,-0.013187453320415732,e39336038c9b8046,-0.00019015194502236543,0.0,-0.0,0.006498650687696683,0.0,
2,1,0.9994389071833235,0.000740068851122544,-0.010786713719922278,3c9ba1ca47590547,0.000740068851122544,0.0,-0.0,0.005763391285522411,0.0,
2,1,0.9972170529448475,-0.0022231016048172014,-0.018170462176664334,c18924d4094a16c9,-0.0022231016048172014,0.0,-0.0,0.007973680285923566,0.0,
2,1,0.9976604161488972,0.0004446005037122003,-0.014620649265253614,9929921320a85a1d,0.0004446005037122003,0.0,-0.0,0.007532624884482907,0.0,
2,1,0.9979324799332003,0.00027270179301419617,-0.014251252710547392,896fa610f1e571ce,0.00027270179301419617,0.0,-0.0,0.007261977251780794,0.0,
2,1,0.9972926262182651,-0.0006411793661411647,-0.016438180142042617,1033e232152c6c88,-0.0006411793661411647,0.0,-0.0,0.007898500387950726,0.0,
2,1,0.9968240719230763,-0.00046982629056979697,-0.017199057801334242,76eeba6850e4e685,-0.00046982629056979697,0.0,-0.0,0.008364615755382223,0.0,
2,1,0.9969953713428227,0.00017184518770285706,-0.016216570785584934,38e550b4b2cb979b,0.00017184518770285706,0.0,-0.0,0.008194207986643895,0.0,
2,1,0.9988847031782615,0.0018950256839147528,-0.010734395390731497,251bbc449ec9346a,0.0018950256839147528,0.0,-0.0,0.006314710537323125,0.0,
2,1,1.0000535698071196,0.0011701717176557658,-0.009133684513031086,306cf6f213cb4370,0.0011701717176557658,0.0,-0.0,0.005151928115343426,0.0,
2,1,0.9990711172526914,-0.0009823999274535256,-0.013240933505433988,bd869c1a8d623d26,-0.0009823999274535256,0.0,-0.0,0.006129266788990231,0.0,
2,1,0.9993784485645896,0.00030761705207060785,-0.011339453355730536,8295010e98404764,0.00030761705207060785,0.0,-0.0,0.005823535203900572,0.0,
2,1,0.9990423994087929,-0.0003362581575371282,-0.012651928457976528,556a4c4c6f4a9135,-0.0003362581575371282,0.0,-0.0,0.0061578351502197,0.0,
2,1,0.9994842511473743,0.0004422752616333181,-0.010994291431843654,f393f8cb6c0dc20f,0.0004422752616333181,0.0,-0.0,0.005718283346738486,0.0,
2,1,0.996436129119533,-0.003049694904489031,-0.020550773367774187,db2803d6fe534329,-0.003049694904489031,0.0,-0.0,0.008750539231642578,0.0,
2,1,0.9987688241590214,0.002341038197349876,-0.01051893456441286,01b6aa5a66aebe27,0.002341038197349876,0.0,-0.0,0.0064299863808813685,0.0,
2,1,0.9999376907878795,0.0011703074831579396,-0.009364100434645178,0d335c4979e3b496,0.0011703074831579396,0.0,-0.0,0.005267203958901559,0.0,
2,1,1.000830966879675,0.000893331754593385,-0.007863823375131826,d3e83ce04a20fe3d,0.000893331754593385,0.0,-0.0,0.004378577564862605,0.0,
2,1,1.0023071648204311,0.0014749722876366,-0.004345154827950336,ff6ad9f288f1fc88,0.0014749722876366,0.0,-0.0,0.002910063557793468,0.0,
2,1,1.0024331202761272,0.00012566552461845681,-0.005443861931058793,ee867b1d166e6169,0.00012566552461845681,0.0,-0.0,0.002784763727838625,0.0,
2,1,1.0019242602351157,-0.0005076249285053125,-0.007089575010216583,b595a0782775950d,-0.0005076249285053125,0.0,-0.0,0.003290975040855635,0.0,
2,1,1.002070368563723,0.0001458277181280998,-0.006145426758088411,5506aa12ac8a77da,0.0001458277181280998,0.0,-0.0,0.0031456272381082556,0.0,
2,1,1.0038186302887822,0.0017446496572541825,-0.0010682815394196087,72f56aa480edb5fc,0.0017446496572541825,0.0,-0.0,0.0014064655983368956,0.0,
2,1,1.0050917880349566,0.0012683145219252179,0.0009884446876161055,b9a396293a1761af,0.0012683145219252179,0.0,-0.0,0.0001399349171545562,0.0,
1,0,1.0049410242667514,-0.00015000000000000001,-0.10065482785383392,baf90d29219c40f7,0.0,0.00015000000000000001,-1.0,0.0002899139269169595,0.00015000000000000001,
0,-1,1.004649387392562,-0.00029022400785251855,-0.10137528954242145,703fa1b923c914c1,-0.00014022400785251854,0.00015000000000000001,-1.0,0.0005800327672844589,0.00015000000000000001,
0,-1,1.0058567263539693,0.0012017515528883749,0.0012017515528883749,2b2f42b2360c7116,0.0012017515528883749,0.0,-0.0,0.0,0.0,
0,-1,1.006819879106076,0.0009575446749736649,0.0009575446749736649,3327fd65d240d92d,0.0009575446749736649,0.0,-0.0,0.0,0.0,
0,-1,1.0077090928844636,0.0008831905257743466,0.0008831905257743466,1c0701df24d246a6,0.0008831905257743466,0.0,-0.0,0.0,0.0,
0,-1,1.0054871895247388,-0.0022049055381299087,-0.006614716614389746,f0c033c581a6d334,-0.0022049055381299087,0.0,-0.0,0.0022049055381299187,0.0,
0,-1,1.0060767540551194,0.000586347132537024,-0.0026533553587282147,6d5af085b0f9ad53,0.000586347132537024,0.0,-0.0,0.0016198512456326193,0.0,
0,-1,1.0081603083976354,0.0020709695697848085,0.0020709695697848085,a286b1de9bf1b655,0.0020709695697848085,0.0,-0.0,0.0,0.0,
0,-1,1.0090453149971719,0.0008778431288801736,0.0008778431288801736,429296c14e4dd9f7,0.0008778431288801736,0.0,-0.0,0.0,0.0,
2,1,1.0085427155747924,-0.0004981534512396355,-0.20134434146164812,b9d52f10c8d149c4,-0.00019815345123963546,0.00030000000000000003,-2.0,0.0004980940052042375,0.00030000000000000003,
2,1,1.0055449354810224,-0.0029723878299606765,-0.00991039044317189,9eb06c91408cc420,-0.0029723878299606765,0.0,-0.0,0.003469001306605606,0.0,
2,1,1.003226462807384,-0.002305687783638821,-0.013839069096259569,6b9e956d6495fa18,-0.002305687783638821,0.0,-0.0,0.005766690656310374,0.0,
2,1,1.0110204881214115,0.007768959056579483,0.007768959056579483,6b21186bf909a351,0.007768959056579483,0.0,-0.0,0.0,0.0,
2,1,1.0070770552784813,-0.0039004480020553567,-0.011701344006166077,f19ac0c6c0623e94,-0.0039004480020553567,0.0,-0.0,0.00390044800205536,0.0,
2,1,1.0074068161620404,0.0003274435474729387,-0.0068211197147527896,3f3091365973e148,0.0003274435474729387,0.0,-0.0,0.003574281631112864,0.0,
2,1,1.00949141227057,0.002069269410416963,-0.0009555473342618558,5f5c0dd8b67c3ee7,0.002069269410416963,0.0,-0.0,0.0015124083723394093,0.0,
2,1,1.0098029094744243,0.0003085684534489541,-0.0021000447473569664,6c76b9be6e2f1ffe,0.0003085684534489541,0.0,-0.0,0.0012043066004029602,0.0,
2,1,1.0140984254761083,0.004253816226296836,0.004253816226296836,c01cbbfde73ace05,0.004253816226296836,0.0,-0.0,0.0,0.0,
2,1,1.0124242548365008,-0.001650895610868841,-0.004952686832606521,c3da35218756a019,-0.001650895610868841,0.0,-0.0,0.0016508956108688398,0.0,
1,0,1.0122723911982754,-0.00015000000000000001,-0.10367629595305426,706045deabce9215,0.0,0.00015000000000000001,-1.0,0.0018006479765271268,0.00015000000000000001,
0,-1,1.0132901296865942,0.0010055731642894918,-0.10051354387446768,a5584ea6055342d1,0.0011555731642894917,0.00015000000000000001,-1.0,0.000797058519378579,0.00015000000000000001,
0,-1,1.012909517497237,-0.0003756201488658295,-0.002720378702875437,b559e192178b4f8e,-0.0003756201488658295,0.0,-0.0,0.0011723792770048037,0.0,
0,-1,1.0115520059232985,-0.0013402101080979278,-0.006362246409188224,e03abd40905d4f8e,-0.0013402101080979278,0.0,-0.0,0.0025110181505451482,0.0,
0,-1,1.0127657924687474,0.0011999250046872412,-0.0014282873539606974,396979ae0590bcfd,0.0011999250046872412,0.0,-0.0,0.0013141061793239693,0.0,
0,-1,1.0121508505191474,-0.000607190679397851,-0.004448188570793819,8df45258785a2090,-0.000607190679397851,0.0,-0.0,0.0019204989456979838,0.0,
0,-1,1.0123802244843656,0.0002266203353982199,-0.0031620073334318825,58b0ac1013d14579,0.0002266203353982199,0.0,-0.0,0.0016943138344150512,0.0,
0,-1,1.0146547410346196,0.0022467018766715308,0.0022467018766715308,d3c7a22bef548f5a,0.0022467018766715308,0.0,-0.0,0.0,0.0,
0,-1,1.0139067238784476,-0.0007372134834842115,-0.002211640450452845,2ff468e75a7b88b5,-0.0007372134834842115,0.0,-0.0,0.0007372134834843169,0.0,
0,-1,1.0135815363641176,-0.0003207272490373114,-0.0024361358251755554,94f6b385627c6066,-0.0003207272490373114,0.0,-0.0,0.001057704288069122,0.0,
0,-1,1.012505043465652,-0.0010620683781663587,-0.005299367002081841,0335f1046458be2c,-0.0010620683781663587,0.0,-0.0,0.002118649311957741,0.0,
0,-1,1.0127229254202315,0.00021519098199640485,-0.0035926375063785234,bede10b326e4f284,0.00021519098199640485,0.0,-0.0,0.0019039142441874641,0.0,
0,-1,1.0128496555058284,0.00012513796460600357,-0.003432891098463497,a5886c2a173c5e3f,0.00012513796460600357,0.0,-0.0,0.0017790145315347502,0.0,
0,-1,1.0122361283596755,-0.0006057435502078157,-0.005373104460536664,2f1e1c3287db1ee8,-0.0006057435502078157,0.0,-0.0,0.002383680455164424,0.0,
0,-1,1.0120132976993503,-0.00022013703530432416,-0.0054267225435450095,30f5b9d13fceaf58,-0.00022013703530432416,0.0,-0.0,0.0026032927541203427,0.0,
0,-1,1.0138088259829543,0.001774214121183837,0.00010681925777886463,78d83e1581f68962,0.001774214121183837,0.0,-0.0,0.0008336974317024861,0.0,
0,-1,1.0126876482607585,-0.0011059064524405748,-0.004983270237988537,44aaca90aa053a93,-0.0011059064524405748,0.0,-0.0,0.001938681892773981,0.0,
0,-1,1.0101233045959024,-0.002532215801447135,-0.011464192868043463,dfc4b559b94c7ab4,-0.002532215801447135,0.0,-0.0,0.004465988533298164,0.0,
0,-1,1.012375628299429,0.002229751252425194,-0.002262639396371658,101aeaaff0499284,0.002229751252425194,0.0,-0.0,0.002246195324398426,0.0,
0,-1,1.015963740962478,0.0035442503382625556,0.0035442503382625556,589bf034e114da25,0.0035442503382625556,0.0,-0.0,0.0,0.0,
0,-1,1.0184483399277542,0.00244555869968599,0.00244555869968599,fa341600cc76e95d,0.00244555869968599,0.0,-0.0,0.0,0.0,
2,1,1.019029486264835,0.000570880621395953,-0.19927911937860407,64c0eca42dba0870,0.000870880621395953,0.00030000000000000003,-2.0,0.0,0.00030000000000000003,
2,1,1.0200443001731223,0.0009958631442619215,0.0009958631442619215,9ec8d237d325bdab,0.0009958631442619215,0.0,-0.0,0.0,0.0,
2,1,1.0188859772272996,-0.001135561412015318,-0.003406684236045905,2ad2fb8c9e6a146b,-0.001135561412015318,0.0,-0.0,0.0011355614120152936,0.0,
2,1,1.0190156478933585,0.00012726710246013795,-0.001889610555871374,f58224ef0c23acfc,0.00012726710246013795,0.0,-0.0,0.001008438829165756,0.0,
2,1,1.0198920780868792,0.0008600753043710441,0.0005616135881156457,a5599c7841187d65,0.0008600753043710441,0.0,-0.0,0.00014923085812769917,0.0,
2,1,1.020751594715262,0.0008427525292626914,0.0008427525292626914,8608da02f079e2ee,0.0008427525292626914,0.0,-0.0,0.0,0.0,
2,1,1.020674714873725,-7.531689583928358e-05,-0.00022595068751779865,a66cadf8b5ee8f27,-7.531689583928358e-05,0.0,-0.0,7.531689583925753e-05,0.0,
2,1,1.0212590016694054,0.0005724515236500416,0.0005724515236500416,7e79be8ec33e8fa5,0.0005724515236500416,0.0,-0.0,0.0,0.0,
2,1,1.0243598219447274,0.00303627216039537,0.00303627216039537,1ae5c61d40afb616,0.00303627216039537,0.0,-0.0,0.0,0.0,
2,1,1.0248877301899475,0.0005153543060854027,0.0005153543060854027,c67535d8828e8561,0.0005153543060854027,0.0,-0.0,0.0,0.0,
2,1,1.0248313516394871,-5.50094891368369e-05,-0.0001650284674105228,3e6496a1e8db7be5,-5.50094891368369e-05,0.0,-0.0,5.5009489136842956e-05,0.0,
0,-1,1.0248313293443332,6.82655305286493e-08,-0.19995999422024802,fcf35d5ec6b2525c,0.0003000682655305287,0.00030000000000000003,-2.0,5.503124288926725e-05,0.00030000000000000003,
0,-1,1.0232881441634871,-0.0015057943064966661,-0.004627279673804004,87f8dce0717b8403,-0.0015057943064966661,0.0,-0.0,0.0015607426836536686,0.0,
0,-1,1.024632454010187,0.0013137158427636297,0.0008155614162037583,f93801988acb3f2a,0.0013137158427636297,0.0,-0.0,0.0002490772132799357,0.0,
0,-1,1.0253140646356902,0.0006652245132733325,0.0006652245132733325,a5a437969b516e78,0.0006652245132733325,0.0,-0.0,0.0,0.0,
0,-1,1.025899080130566,0.0005705719984283597,0.0005705719984283597,8c1f407ef780ae30,0.0005705719984283597,0.0,-0.0,0.0,0.0,
0,-1,1.0240290031086114,-0.0018228664575044018,-0.005468599372513207,40c15716a8cb29ed,-0.0018228664575044018,0.0,-0.0,0.0018228664575044027,0.0,
0,-1,1.0259383446373807,0.001864538526714532,0.001864538526714532,bb04ad1006547b03,0.001864538526714532,0.0,-0.0,0.0,0.0,
0,-1,1.031595799126418,0.005514419573660501,0.005514419573660501,7b7c84ba5c31fcd9,0.005514419573660501,0.0,-0.0,0.0,0.0,
2,1,1.0291622098219366,-0.002359671036795052,-0.20692777730776316,c38f9c786f81b6bd,-0.002059671036795052,0.00030000000000000003,-2.0,0.0023590531354840427,0.00030000000000000003,
2,1,1.02997238402267,0.0007872172073570827,-0.0023601688233396718,aa084b51a2e33847,0.0007872172073570827,0.0,-0.0,0.0015736930153483772,0.0,
2,1,1.0293751402208473,-0.0005798638983794957,-0.004885152670301932,a728c4a638922630,-0.0005798638983794957,0.0,-0.0,0.0021526443859612183,0.0,
2,1,1.03044706300951,0.001041333471908601,-0.0011857715975009523,73a33c5eb11e9bbe,0.001041333471908601,0.0,-0.0,0.0011135525347047766,0.0,
2,1,1.0329591223742198,0.0024378344651430073,0.0024378344651430073,f2db0ebe1bbf3cc5,0.0024378344651430073,0.0,-0.0,0.0,0.0,
2,1,1.0328962819394194,-6.083535489376235e-05,-0.00018250606468136717,45e40f192dbaf351,-6.083535489376235e-05,0.0,-0.0,6.083535489380241e-05,0.0,
2,1,1.0324813273327618,-0.0004017388908386099,-0.0013268385024473779,37dac8335b08ddff,-0.0004017388908386099,0.0,-0.0,0.00046254980580438397,0.0,
2,1,1.0322439878393417,-0.00022987291599085857,-0.0016145057042360248,b3c0f04f3b283ecf,-0.00022987291599085857,0.0,-0.0,0.0006923163941225831,0.0,
2,1,1.0317298388273377,-0.0004980886477043978,-0.0028782090614854505,73ed63828d76fc08,-0.0004980886477043978,0.0,-0.0,0.0011900602068905264,0.0,
2,1,1.0318425361360295,0.00010923141354513,-0.0020526861570628867,3151545e707dc064,0.00010923141354513,0.0,-0.0,0.0010809587853040084,0.0,
2,1,1.0313076134265708,-0.0005184150592024706,-0.003716041977590196,8c603915a3fe238d,-0.0005184150592024706,0.0,-0.0,0.0015988134591938628,0.0,
