policy,,gross_return,drawdown,cost_frac,stability,reward,equity
all_long,0,0.0,0.0,0.0,-1.0,-0.1,10000000.0
all_long,1,0.0,0.0,0.0,-0.0,0.0,10000000.0
all_long,2,0.0,0.0,0.0,-0.0,0.0,10000000.0
all_long,3,0.0,0.0,0.0,-0.0,0.0,10000000.0
all_long,4,0.0,0.0,0.0,-0.0,0.0,10000000.0
all_long,5,0.0,0.0,0.0,-0.0,0.0,10000000.0
all_long,6,0.0,0.0,0.0,-0.0,0.0,10000000.0
all_long,7,-1.9003000000112094e-05,0.00016148381377626211,0.00014248081377615,-0.0,-0.0004132110344407113,9998385.161862237
all_long,8,0.0,0.00016148381377626211,0.0,-0.0,-0.00032296762755252423,9998385.161862237
all_long,9,0.0,0.00016148381377626211,0.0,-0.0,-0.00032296762755252423,9998385.161862237
all_long,10,0.0,0.00016148381377626211,0.0,-0.0,-0.00032296762755252423,9998385.161862237
all_long,11,0.0,0.00016148381377626211,0.0,-0.0,-0.00032296762755252423,9998385.161862237
all_long,12,0.0,0.00016148381377626211,0.0,-0.0,-0.00032296762755252423,9998385.161862237
all_long,13,0.0,0.00016148381377626211,0.0,-0.0,-0.00032296762755252423,9998385.161862237
all_long,14,0.0,0.00016148381377626211,0.0,-0.0,-0.00032296762755252423,9998385.161862237
all_long,15,0.0,0.00016148381377626211,0.0,-0.0,-0.00032296762755252423,9998385.161862237
all_long,16,0.0,0.00016148381377626211,0.0,-0.0,-0.00032296762755252423,9998385.161862237
all_long,17,0.0,0.00016148381377626211,0.0,-0.0,-0.00032296762755252423,9998385.161862237
all_long,18,0.0,0.00016148381377626211,0.0,-0.0,-0.00032296762755252423,9998385.161862237
all_long,19,0.0,0.00016148381377626211,0.0,-0.0,-0.00032296762755252423,9998385.161862237
all_long,20,0.0,0.00016148381377626211,0.0,-0.0,-0.00032296762755252423,9998385.161862237
all_long,21,0.0,0.00016148381377626211,0.0,-0.0,-0.00032296762755252423,9998385.161862237
all_long,22,0.0,0.00016148381377626211,0.0,-0.0,-0.00032296762755252423,9998385.161862237
all_long,23,0.0,0.00016148381377626211,0.0,-0.0,-0.00032296762755252423,9998385.161862237
all_long,24,0.0,0.00016148381377626211,0.0,-0.0,-0.00032296762755252423,9998385.161862237
all_long,25,0.0,0.00016148381377626211,0.0,-0.0,-0.00032296762755252423,9998385.161862237
all_long,26,0.0,0.00016148381377626211,0.0,-0.0,-0.00032296762755252423,9998385.161862237
all_long,27,0.0,0.00016148381377626211,0.0,-0.0,-0.00032296762755252423,9998385.161862237
all_long,28,0.0,0.00016148381377626211,0.0,-0.0,-0.00032296762755252423,9998385.161862237
all_long,29,0.0,0.00016148381377626211,0.0,-0.0,-0.00032296762755252423,9998385.161862237
all_long,30,0.0,0.00016148381377626211,0.0,-0.0,-0.00032296762755252423,9998385.161862237
all_long,31,0.0,0.00016148381377626211,0.0,-0.0,-0.00032296762755252423,9998385.161862237
all_long,32,0.0,0.00016148381377626211,0.0,-0.0,-0.00032296762755252423,9998385.161862237
all_long,33,0.0,0.00016148381377626211,0.0,-0.0,-0.00032296762755252423,9998385.161862237
all_long,34,0.0,0.00016148381377626211,0.0,-0.0,-0.00032296762755252423,9998385.161862237
all_long,35,0.0,0.00016148381377626211,0.0,-0.0,-0.00032296762755252423,9998385.161862237
all_long,36,0.0,0.00016148381377626211,0.0,-0.0,-0.00032296762755252423,9998385.161862237
all_long,37,0.0,0.00016148381377626211,0.0,-0.0,-0.00032296762755252423,9998385.161862237
all_long,38,0.0,0.00016148381377626211,0.0,-0.0,-0.00032296762755252423,9998385.161862237
all_long,39,0.0,0.00016148381377626211,0.0,-0.0,-0.00032296762755252423,9998385.161862237
all_long,40,0.0,0.00016148381377626211,0.0,-0.0,-0.00032296762755252423,9998385.161862237
all_long,41,0.0,0.00016148381377626211,0.0,-0.0,-0.00032296762755252423,9998385.161862237
all_long,42,0.0,0.00016148381377626211,0.0,-0.0,-0.00032296762755252423,9998385.161862237
all_long,43,0.0,0.00016148381377626211,0.0,-0.0,-0.00032296762755252423,9998385.161862237
all_long,44,0.0,0.00016148381377626211,0.0,-0.0,-0.00032296762755252423,9998385.161862237
all_long,45,0.0,0.00016148381377626211,0.0,-0.0,-0.00032296762755252423,9998385.161862237
all_long,46,0.0,0.00016148381377626211,0.0,-0.0,-0.00032296762755252423,9998385.161862237
all_long,47,0.0,0.00016148381377626211,0.0,-0.0,-0.00032296762755252423,9998385.161862237
all_long,48,0.0,0.00016148381377626211,0.0,-0.0,-0.00032296762755252423,9998385.161862237
all_long,49,0.0,0.00016148381377626211,0.0,-0.0,-0.00032296762755252423,9998385.161862237
all_long,50,0.0,0.00016148381377626211,0.0,-0.0,-0.00032296762755252423,9998385.161862237
all_long,51,0.0,0.00016148381377626211,0.0,-0.0,-0.00032296762755252423,9998385.161862237
all_long,52,0.0,0.00016148381377626211,0.0,-0.0,-0.00032296762755252423,9998385.161862237
all_long,53,0.0,0.00016148381377626211,0.0,-0.0,-0.00032296762755252423,9998385.161862237
all_long,54,0.0,0.00016148381377626211,0.0,-0.0,-0.00032296762755252423,9998385.161862237
all_long,55,0.0,0.00016148381377626211,0.0,-0.0,-0.00032296762755252423,9998385.161862237
all_long,56,0.0,0.00016148381377626211,0.0,-0.0,-0.00032296762755252423,9998385.161862237
all_long,57,0.0,0.00016148381377626211,0.0,-0.0,-0.00032296762755252423,9998385.161862237
all_long,58,0.0,0.00016148381377626211,0.0,-0.0,-0.00032296762755252423,9998385.161862237
all_long,59,0.0,0.00016148381377626211,0.0,-0.0,-0.00032296762755252423,9998385.161862237
all_long,60,0.0,0.00016148381377626211,0.0,-0.0,-0.00032296762755252423,9998385.161862237
all_long,61,0.0,0.00016148381377626211,0.0,-0.0,-0.00032296762755252423,9998385.161862237
all_long,62,0.0,0.00016148381377626211,0.0,-0.0,-0.00032296762755252423,9998385.161862237
all_long,63,0.0,0.00016148381377626211,0.0,-0.0,-0.00032296762755252423,9998385.161862237
all_long,64,0.0,0.00016148381377626211,0.0,-0.0,-0.00032296762755252423,9998385.161862237
all_long,65,0.0,0.00016148381377626211,0.0,-0.0,-0.00032296762755252423,9998385.161862237
all_long,66,0.0,0.00016148381377626211,0.0,-0.0,-0.00032296762755252423,9998385.161862237
all_long,67,0.0,0.00016148381377626211,0.0,-0.0,-0.00032296762755252423,9998385.161862237
all_long,68,0.0,0.00016148381377626211,0.0,-0.0,-0.00032296762755252423,9998385.161862237
all_long,69,0.0,0.00016148381377626211,0.0,-0.0,-0.00032296762755252423,9998385.161862237
all_long,70,0.0,0.00016148381377626211,0.0,-0.0,-0.00032296762755252423,9998385.161862237
all_long,71,0.0,0.00016148381377626211,0.0,-0.0,-0.00032296762755252423,9998385.161862237
all_long,72,0.0,0.00016148381377626211,0.0,-0.0,-0.00032296762755252423,9998385.161862237
all_long,73,0.0,0.00016148381377626211,0.0,-0.0,-0.00032296762755252423,9998385.161862237
all_long,74,0.0,0.00016148381377626211,0.0,-0.0,-0.00032296762755252423,9998385.161862237
all_long,75,0.0,0.00016148381377626211,0.0,-0.0,-0.00032296762755252423,9998385.161862237
all_long,76,0.0,0.00016148381377626211,0.0,-0.0,-0.00032296762755252423,9998385.161862237
all_long,77,0.0,0.00016148381377626211,0.0,-0.0,-0.00032296762755252423,9998385.161862237
all_long,78,0.0,0.00016148381377626211,0.0,-0.0,-0.00032296762755252423,9998385.161862237
all_long,79,0.0,0.00016148381377626211,0.0,-0.0,-0.00032296762755252423,9998385.161862237
all_long,80,0.0,0.00016148381377626211,0.0,-0.0,-0.00032296762755252423,9998385.161862237
all_long,81,0.0,0.00016148381377626211,0.0,-0.0,-0.00032296762755252423,9998385.161862237
all_long,82,0.0,0.00016148381377626211,0.0,-0.0,-0.00032296762755252423,9998385.161862237
all_long,83,0.0,0.00016148381377626211,0.0,-0.0,-0.00032296762755252423,9998385.161862237
all_long,84,0.0,0.00016148381377626211,0.0,-0.0,-0.00032296762755252423,9998385.161862237
all_long,85,0.0,0.00016148381377626211,0.0,-0.0,-0.00032296762755252423,9998385.161862237
all_long,86,0.0,0.00016148381377626211,0.0,-0.0,-0.00032296762755252423,9998385.161862237
all_long,87,0.0,0.00016148381377626211,0.0,-0.0,-0.00032296762755252423,9998385.161862237
all_long,88,0.0,0.00016148381377626211,0.0,-0.0,-0.00032296762755252423,9998385.161862237
all_long,89,0.0,0.00016148381377626211,0.0,-0.0,-0.00032296762755252423,9998385.161862237
all_long,90,0.0,0.00016148381377626211,0.0,-0.0,-0.00032296762755252423,9998385.161862237
all_long,91,0.0,0.00016148381377626211,0.0,-0.0,-0.00032296762755252423,9998385.161862237
all_long,92,0.0,0.00016148381377626211,0.0,-0.0,-0.00032296762755252423,9998385.161862237
all_long,93,0.0,0.00016148381377626211,0.0,-0.0,-0.00032296762755252423,9998385.161862237
all_long,94,0.0,0.00016148381377626211,0.0,-0.0,-0.00032296762755252423,9998385.161862237
all_long,95,0.0,0.00016148381377626211,0.0,-0.0,-0.00032296762755252423,9998385.161862237
all_long,96,0.0,0.00016148381377626211,0.0,-0.0,-0.00032296762755252423,9998385.161862237
all_long,97,0.0,0.00016148381377626211,0.0,-0.0,-0.00032296762755252423,9998385.161862237
all_long,98,0.0,0.00016148381377626211,0.0,-0.0,-0.00032296762755252423,9998385.161862237
all_long,99,0.0,0.00016148381377626211,0.0,-0.0,-0.00032296762755252423,9998385.161862237
all_long,100,0.0,0.00016148381377626211,0.0,-0.0,-0.00032296762755252423,9998385.161862237
all_long,101,0.0,0.00016148381377626211,0.0,-0.0,-0.00032296762755252423,9998385.161862237
all_long,102,0.0,0.00016148381377626211,0.0,-0.0,-0.00032296762755252423,9998385.161862237
all_long,103,0.0,0.00016148381377626211,0.0,-0.0,-0.00032296762755252423,9998385.161862237
all_long,104,0.0,0.00016148381377626211,0.0,-0.0,-0.00032296762755252423,9998385.161862237
all_long,105,0.0,0.00016148381377626211,0.0,-0.0,-0.00032296762755252423,9998385.161862237
all_long,106,0.0,0.00016148381377626211,0.0,-0.0,-0.00032296762755252423,9998385.161862237
all_long,107,0.0,0.00016148381377626211,0.0,-0.0,-0.00032296762755252423,9998385.161862237
all_long,108,0.0,0.00016148381377626211,0.0,-0.0,-0.00032296762755252423,9998385.161862237
all_long,109,0.0,0.00016148381377626211,0.0,-0.0,-0.00032296762755252423,9998385.161862237
all_long,110,0.0,0.00016148381377626211,0.0,-0.0,-0.00032296762755252423,9998385.161862237
all_long,111,0.0,0.00016148381377626211,0.0,-0.0,-0.00032296762755252423,9998385.161862237
all_long,112,0.0,0.00016148381377626211,0.0,-0.0,-0.00032296762755252423,9998385.161862237
all_long,113,0.0,0.00016148381377626211,0.0,-0.0,-0.00032296762755252423,9998385.161862237
all_long,114,0.0,0.00016148381377626211,0.0,-0.0,-0.00032296762755252423,9998385.161862237
all_long,115,0.0,0.00016148381377626211,0.0,-0.0,-0.00032296762755252423,9998385.161862237
all_long,116,0.0,0.00016148381377626211,0.0,-0.0,-0.00032296762755252423,9998385.161862237
all_long,117,0.0,0.00016148381377626211,0.0,-0.0,-0.00032296762755252423,9998385.161862237
all_long,118,0.0,0.00016148381377626211,0.0,-0.0,-0.00032296762755252423,9998385.161862237
all_long,119,0.0,0.00016148381377626211,0.0,-0.0,-0.00032296762755252423,9998385.161862237
all_long,120,0.0,0.00016148381377626211,0.0,-0.0,-0.00032296762755252423,9998385.161862237
all_long,121,0.0,0.00016148381377626211,0.0,-0.0,-0.00032296762755252423,9998385.161862237
all_long,122,0.0,0.00016148381377626211,0.0,-0.0,-0.00032296762755252423,9998385.161862237
all_long,123,0.0,0.00016148381377626211,0.0,-0.0,-0.00032296762755252423,9998385.161862237
all_long,124,0.0,0.00016148381377626211,0.0,-0.0,-0.00032296762755252423,9998385.161862237
all_long,125,0.0,0.00016148381377626211,0.0,-0.0,-0.00032296762755252423,9998385.161862237
all_long,126,0.0,0.00016148381377626211,0.0,-0.0,-0.00032296762755252423,9998385.161862237
all_long,127,0.0,0.00016148381377626211,0.0,-0.0,-0.00032296762755252423,9998385.161862237
all_long,128,0.0,0.00016148381377626211,0.0,-0.0,-0.00032296762755252423,9998385.161862237
all_long,129,0.0,0.00016148381377626211,0.0,-0.0,-0.00032296762755252423,9998385.161862237
all_long,130,0.0,0.00016148381377626211,0.0,-0.0,-0.00032296762755252423,9998385.161862237
all_long,131,0.0,0.00016148381377626211,0.0,-0.0,-0.00032296762755252423,9998385.161862237
all_long,132,0.0,0.00016148381377626211,0.0,-0.0,-0.00032296762755252423,9998385.161862237
all_long,133,0.0,0.00016148381377626211,0.0,-0.0,-0.00032296762755252423,9998385.161862237
all_long,134,0.0,0.00016148381377626211,0.0,-0.0,-0.00032296762755252423,9998385.161862237
all_long,135,0.0,0.00016148381377626211,0.0,-0.0,-0.00032296762755252423,9998385.161862237
all_long,136,0.0,0.00016148381377626211,0.0,-0.0,-0.00032296762755252423,9998385.161862237
all_long,137,0.0,0.00016148381377626211,0.0,-0.0,-0.00032296762755252423,9998385.161862237
all_long,138,0.0,0.00016148381377626211,0.0,-0.0,-0.00032296762755252423,9998385.161862237
all_long,139,0.0,0.00016148381377626211,0.0,-0.0,-0.00032296762755252423,9998385.161862237
all_long,140,0.0,0.00016148381377626211,0.0,-0.0,-0.00032296762755252423,9998385.161862237
all_long,141,0.0,0.00016148381377626211,0.0,-0.0,-0.00032296762755252423,9998385.161862237
all_long,142,0.0,0.00016148381377626211,0.0,-0.0,-0.00032296762755252423,9998385.161862237
all_long,143,0.0,0.00016148381377626211,0.0,-0.0,-0.00032296762755252423,9998385.161862237
all_long,144,0.0,0.00016148381377626211,0.0,-0.0,-0.00032296762755252423,9998385.161862237
all_long,145,0.0,0.00016148381377626211,0.0,-0.0,-0.00032296762755252423,9998385.161862237
all_long,146,0.0,0.00016148381377626211,0.0,-0.0,-0.00032296762755252423,9998385.161862237
all_long,147,0.0,0.00016148381377626211,0.0,-0.0,-0.00032296762755252423,9998385.161862237
all_long,148,0.0,0.00016148381377626211,0.0,-0.0,-0.00032296762755252423,9998385.161862237
all_long,149,0.0,0.00016148381377626211,0.0,-0.0,-0.00032296762755252423,9998385.161862237
all_long,150,0.0,0.00016148381377626211,0.0,-0.0,-0.00032296762755252423,9998385.161862237
all_long,151,0.0,0.00016148381377626211,0.0,-0.0,-0.00032296762755252423,9998385.161862237
all_long,152,0.0,0.00016148381377626211,0.0,-0.0,-0.00032296762755252423,9998385.161862237
all_long,153,0.0,0.00016148381377626211,0.0,-0.0,-0.00032296762755252423,9998385.161862237
all_long,154,0.0,0.00016148381377626211,0.0,-0.0,-0.00032296762755252423,9998385.161862237
all_long,155,0.0,0.00016148381377626211,0.0,-0.0,-0.00032296762755252423,9998385.161862237
all_long,156,0.0,0.00016148381377626211,0.0,-0.0,-0.00032296762755252423,9998385.161862237
all_long,157,0.0,0.00016148381377626211,0.0,-0.0,-0.00032296762755252423,9998385.161862237
all_long,158,0.0,0.00016148381377626211,0.0,-0.0,-0.00032296762755252423,9998385.161862237
all_long,159,0.0,0.00016148381377626211,0.0,-0.0,-0.00032296762755252423,9998385.161862237
all_long,160,0.0,0.00016148381377626211,0.0,-0.0,-0.00032296762755252423,9998385.161862237
all_long,161,0.0,0.00016148381377626211,0.0,-0.0,-0.00032296762755252423,9998385.161862237
all_long,162,0.0,0.00016148381377626211,0.0,-0.0,-0.00032296762755252423,9998385.161862237
all_long,163,0.0,0.00016148381377626211,0.0,-0.0,-0.00032296762755252423,9998385.161862237
all_long,164,0.0,0.00016148381377626211,0.0,-0.0,-0.00032296762755252423,9998385.161862237
all_long,165,0.0,0.00016148381377626211,0.0,-0.0,-0.00032296762755252423,9998385.161862237
all_long,166,0.0,0.00016148381377626211,0.0,-0.0,-0.00032296762755252423,9998385.161862237
all_long,167,0.0,0.00016148381377626211,0.0,-0.0,-0.00032296762755252423,9998385.161862237
all_long,168,0.0,0.00016148381377626211,0.0,-0.0,-0.00032296762755252423,9998385.161862237
all_long,169,0.0,0.00016148381377626211,0.0,-0.0,-0.00032296762755252423,9998385.161862237
all_long,170,0.0,0.00016148381377626211,0.0,-0.0,-0.00032296762755252423,9998385.161862237
all_long,171,0.0,0.00016148381377626211,0.0,-0.0,-0.00032296762755252423,9998385.161862237
all_long,172,0.0,0.00016148381377626211,0.0,-0.0,-0.00032296762755252423,9998385.161862237
all_long,173,0.0,0.00016148381377626211,0.0,-0.0,-0.00032296762755252423,9998385.161862237
all_long,174,0.0,0.00016148381377626211,0.0,-0.0,-0.00032296762755252423,9998385.161862237
all_long,175,0.0,0.00016148381377626211,0.0,-0.0,-0.00032296762755252423,9998385.161862237
all_long,176,0.0,0.00016148381377626211,0.0,-0.0,-0.00032296762755252423,9998385.161862237
all_long,177,0.0,0.00016148381377626211,0.0,-0.0,-0.00032296762755252423,9998385.161862237
all_long,178,0.0,0.00016148381377626211,0.0,-0.0,-0.00032296762755252423,9998385.161862237
all_long,179,0.0,0.00016148381377626211,0.0,-0.0,-0.00032296762755252423,9998385.161862237
all_long,180,0.0,0.00016148381377626211,0.0,-0.0,-0.00032296762755252423,9998385.161862237
all_long,181,0.0,0.00016148381377626211,0.0,-0.0,-0.00032296762755252423,9998385.161862237
all_long,182,0.0,0.00016148381377626211,0.0,-0.0,-0.00032296762755252423,9998385.161862237
all_long,183,0.0,0.00016148381377626211,0.0,-0.0,-0.00032296762755252423,9998385.161862237
all_long,184,0.0,0.00016148381377626211,0.0,-0.0,-0.00032296762755252423,9998385.161862237
all_long,185,0.0,0.00016148381377626211,0.0,-0.0,-0.00032296762755252423,9998385.161862237
all_long,186,0.0,0.00016148381377626211,0.0,-0.0,-0.00032296762755252423,9998385.161862237
all_long,187,0.0,0.00016148381377626211,0.0,-0.0,-0.00032296762755252423,9998385.161862237
all_long,188,0.0,0.00016148381377626211,0.0,-0.0,-0.00032296762755252423,9998385.161862237
all_long,189,0.0,0.00016148381377626211,0.0,-0.0,-0.00032296762755252423,9998385.161862237
all_long,190,0.0,0.00016148381377626211,0.0,-0.0,-0.00032296762755252423,9998385.161862237
all_long,191,0.0,0.00016148381377626211,0.0,-0.0,-0.00032296762755252423,9998385.161862237
all_long,192,0.0,0.00016148381377626211,0.0,-0.0,-0.00032296762755252423,9998385.161862237
all_long,193,0.0,0.00016148381377626211,0.0,-0.0,-0.00032296762755252423,9998385.161862237
all_long,194,0.0,0.00016148381377626211,0.0,-0.0,-0.00032296762755252423,9998385.161862237
all_long,195,0.0,0.00016148381377626211,0.0,-0.0,-0.00032296762755252423,9998385.161862237
all_long,196,0.0,0.00016148381377626211,0.0,-0.0,-0.00032296762755252423,9998385.161862237
all_long,197,0.0,0.00016148381377626211,0.0,-0.0,-0.00032296762755252423,9998385.161862237
all_long,198,0.0,0.00016148381377626211,0.0,-0.0,-0.00032296762755252423,9998385.161862237
all_long,199,0.0,0.00016148381377626211,0.0,-0.0,-0.00032296762755252423,9998385.161862237
all_long,200,0.0,0.00016148381377626211,0.0,-0.0,-0.00032296762755252423,9998385.161862237
all_long,201,0.0,0.00016148381377626211,0.0,-0.0,-0.00032296762755252423,9998385.161862237
all_long,202,0.0,0.00016148381377626211,0.0,-0.0,-0.00032296762755252423,9998385.161862237
all_long,203,0.0,0.00016148381377626211,0.0,-0.0,-0.00032296762755252423,9998385.161862237
all_long,204,0.0,0.00016148381377626211,0.0,-0.0,-0.00032296762755252423,9998385.161862237
all_long,205,0.0,0.00016148381377626211,0.0,-0.0,-0.00032296762755252423,9998385.161862237
all_long,206,0.0,0.00016148381377626211,0.0,-0.0,-0.00032296762755252423,9998385.161862237
all_long,207,0.0,0.00016148381377626211,0.0,-0.0,-0.00032296762755252423,9998385.161862237
all_long,208,0.0,0.00016148381377626211,0.0,-0.0,-0.00032296762755252423,9998385.161862237
all_long,209,0.0,0.00016148381377626211,0.0,-0.0,-0.00032296762755252423,9998385.161862237
all_long,210,0.0,0.00016148381377626211,0.0,-0.0,-0.00032296762755252423,9998385.161862237
all_long,211,0.0,0.00016148381377626211,0.0,-0.0,-0.00032296762755252423,9998385.161862237
all_long,212,0.0,0.00016148381377626211,0.0,-0.0,-0.00032296762755252423,9998385.161862237
all_long,213,0.0,0.00016148381377626211,0.0,-0.0,-0.00032296762755252423,9998385.161862237
all_long,214,0.0,0.00016148381377626211,0.0,-0.0,-0.00032296762755252423,9998385.161862237
all_long,215,0.0,0.00016148381377626211,0.0,-0.0,-0.00032296762755252423,9998385.161862237
all_long,216,0.0,0.00016148381377626211,0.0,-0.0,-0.00032296762755252423,9998385.161862237
all_long,217,0.0,0.00016148381377626211,0.0,-0.0,-0.00032296762755252423,9998385.161862237
all_long,218,0.0,0.00016148381377626211,0.0,-0.0,-0.00032296762755252423,9998385.161862237
all_long,219,0.0,0.00016148381377626211,0.0,-0.0,-0.00032296762755252423,9998385.161862237
all_long,220,0.0,0.00016148381377626211,0.0,-0.0,-0.00032296762755252423,9998385.161862237
all_long,221,0.0,0.00016148381377626211,0.0,-0.0,-0.00032296762755252423,9998385.161862237
all_long,222,0.0,0.00016148381377626211,0.0,-0.0,-0.00032296762755252423,9998385.161862237
all_long,223,0.0,0.00016148381377626211,0.0,-0.0,-0.00032296762755252423,9998385.161862237
all_long,224,0.0,0.00016148381377626211,0.0,-0.0,-0.00032296762755252423,9998385.161862237
all_long,225,0.0,0.00016148381377626211,0.0,-0.0,-0.00032296762755252423,9998385.161862237
all_long,226,0.0,0.00016148381377626211,0.0,-0.0,-0.00032296762755252423,9998385.161862237
all_long,227,0.0,0.00016148381377626211,0.0,-0.0,-0.00032296762755252423,9998385.161862237
all_long,228,0.0,0.00016148381377626211,0.0,-0.0,-0.00032296762755252423,9998385.161862237
all_long,229,0.0,0.00016148381377626211,0.0,-0.0,-0.00032296762755252423,9998385.161862237
all_long,230,0.0,0.00016148381377626211,0.0,-0.0,-0.00032296762755252423,9998385.161862237
all_long,231,0.0,0.00016148381377626211,0.0,-0.0,-0.00032296762755252423,9998385.161862237
all_long,232,0.0,0.00016148381377626211,0.0,-0.0,-0.00032296762755252423,9998385.161862237
all_long,233,0.0,0.00016148381377626211,0.0,-0.0,-0.00032296762755252423,9998385.161862237
all_long,234,0.0,0.00016148381377626211,0.0,-0.0,-0.00032296762755252423,9998385.161862237
all_long,235,0.0,0.00016148381377626211,0.0,-0.0,-0.00032296762755252423,9998385.161862237
all_long,236,0.0,0.00016148381377626211,0.0,-0.0,-0.00032296762755252423,9998385.161862237
all_long,237,0.0,0.00016148381377626211,0.0,-0.0,-0.00032296762755252423,9998385.161862237
all_long,238,0.0,0.00016148381377626211,0.0,-0.0,-0.00032296762755252423,9998385.161862237
all_long,239,0.0,0.00016148381377626211,0.0,-0.0,-0.00032296762755252423,9998385.161862237
all_long,240,0.0,0.00016148381377626211,0.0,-0.0,-0.00032296762755252423,9998385.161862237
all_long,241,0.0,0.00016148381377626211,0.0,-0.0,-0.00032296762755252423,9998385.161862237
all_long,242,0.0,0.00016148381377626211,0.0,-0.0,-0.00032296762755252423,9998385.161862237
all_long,243,0.0,0.00016148381377626211,0.0,-0.0,-0.00032296762755252423,9998385.161862237
all_long,244,0.0,0.00016148381377626211,0.0,-0.0,-0.00032296762755252423,9998385.161862237
all_long,245,0.0,0.00016148381377626211,0.0,-0.0,-0.00032296762755252423,9998385.161862237
all_long,246,0.0,0.00016148381377626211,0.0,-0.0,-0.00032296762755252423,9998385.161862237
all_long,247,0.0,0.00016148381377626211,0.0,-0.0,-0.00032296762755252423,9998385.161862237
all_long,248,0.0,0.00016148381377626211,0.0,-0.0,-0.00032296762755252423,9998385.161862237
all_long,249,0.0,0.00016148381377626211,0.0,-0.0,-0.00032296762755252423,9998385.161862237
all_long,250,0.0,0.00016148381377626211,0.0,-0.0,-0.00032296762755252423,9998385.161862237
all_long,251,0.0,0.00016148381377626211,0.0,-0.0,-0.00032296762755252423,9998385.161862237
all_long,252,0.0,0.00016148381377626211,0.0,-0.0,-0.00032296762755252423,9998385.161862237
all_long,253,0.0,0.00016148381377626211,0.0,-0.0,-0.00032296762755252423,9998385.161862237
all_long,254,0.0,0.00016148381377626211,0.0,-0.0,-0.00032296762755252423,9998385.161862237
all_long,255,0.0,0.00016148381377626211,0.0,-0.0,-0.00032296762755252423,9998385.161862237
all_long,256,0.0,0.00016148381377626211,0.0,-0.0,-0.00032296762755252423,9998385.161862237
all_long,257,0.0,0.00016148381377626211,0.0,-0.0,-0.00032296762755252423,9998385.161862237
all_long,258,0.0,0.00016148381377626211,0.0,-0.0,-0.00032296762755252423,9998385.161862237
all_long,259,0.0,0.00016148381377626211,0.0,-0.0,-0.00032296762755252423,9998385.161862237
all_long,260,0.0,0.00016148381377626211,0.0,-0.0,-0.00032296762755252423,9998385.161862237
all_long,261,0.0,0.00016148381377626211,0.0,-0.0,-0.00032296762755252423,9998385.161862237
all_long,262,0.0,0.00016148381377626211,0.0,-0.0,-0.00032296762755252423,9998385.161862237
all_long,263,0.0,0.00016148381377626211,0.0,-0.0,-0.00032296762755252423,9998385.161862237
all_long,264,0.0,0.00016148381377626211,0.0,-0.0,-0.00032296762755252423,9998385.161862237
all_long,265,0.0,0.00016148381377626211,0.0,-0.0,-0.00032296762755252423,9998385.161862237
all_long,266,0.0,0.00016148381377626211,0.0,-0.0,-0.00032296762755252423,9998385.161862237
all_long,267,0.0,0.00016148381377626211,0.0,-0.0,-0.00032296762755252423,9998385.161862237
all_long,268,0.0,0.00016148381377626211,0.0,-0.0,-0.00032296762755252423,9998385.161862237
all_long,269,0.0,0.00016148381377626211,0.0,-0.0,-0.00032296762755252423,9998385.161862237
all_long,270,0.0,0.00016148381377626211,0.0,-0.0,-0.00032296762755252423,9998385.161862237
all_long,271,0.0,0.00016148381377626211,0.0,-0.0,-0.00032296762755252423,9998385.161862237
all_long,272,0.0,0.00016148381377626211,0.0,-0.0,-0.00032296762755252423,9998385.161862237
all_long,273,0.0,0.00016148381377626211,0.0,-0.0,-0.00032296762755252423,9998385.161862237
all_long,274,0.0,0.00016148381377626211,0.0,-0.0,-0.00032296762755252423,9998385.161862237
all_long,275,0.0,0.00016148381377626211,0.0,-0.0,-0.00032296762755252423,9998385.161862237
all_long,276,0.0,0.00016148381377626211,0.0,-0.0,-0.00032296762755252423,9998385.161862237
all_long,277,0.0,0.00016148381377626211,0.0,-0.0,-0.00032296762755252423,9998385.161862237
all_long,278,0.0,0.00016148381377626211,0.0,-0.0,-0.00032296762755252423,9998385.161862237
all_long,279,0.0,0.00016148381377626211,0.0,-0.0,-0.00032296762755252423,9998385.161862237
all_long,280,0.0,0.00016148381377626211,0.0,-0.0,-0.00032296762755252423,9998385.161862237
all_long,281,0.0,0.00016148381377626211,0.0,-0.0,-0.00032296762755252423,9998385.161862237
all_long,282,0.0,0.00016148381377626211,0.0,-0.0,-0.00032296762755252423,9998385.161862237
all_long,283,0.0,0.00016148381377626211,0.0,-0.0,-0.00032296762755252423,9998385.161862237
all_long,284,0.0,0.00016148381377626211,0.0,-0.0,-0.00032296762755252423,9998385.161862237
all_long,285,0.0,0.00016148381377626211,0.0,-0.0,-0.00032296762755252423,9998385.161862237
all_long,286,0.0,0.00016148381377626211,0.0,-0.0,-0.00032296762755252423,9998385.161862237
all_long,287,0.0,0.00016148381377626211,0.0,-0.0,-0.00032296762755252423,9998385.161862237
all_long,288,0.0,0.00016148381377626211,0.0,-0.0,-0.00032296762755252423,9998385.161862237
all_long,289,0.0,0.00016148381377626211,0.0,-0.0,-0.00032296762755252423,9998385.161862237
all_long,290,0.0,0.00016148381377626211,0.0,-0.0,-0.00032296762755252423,9998385.161862237
all_long,291,0.0,0.00016148381377626211,0.0,-0.0,-0.00032296762755252423,9998385.161862237
all_long,292,0.0,0.00016148381377626211,0.0,-0.0,-0.00032296762755252423,9998385.161862237
all_long,293,0.0,0.00016148381377626211,0.0,-0.0,-0.00032296762755252423,9998385.161862237
all_long,294,0.0,0.00016148381377626211,0.0,-0.0,-0.00032296762755252423,9998385.161862237
all_long,295,0.0,0.00016148381377626211,0.0,-0.0,-0.00032296762755252423,9998385.161862237
all_long,296,0.0,0.00016148381377626211,0.0,-0.0,-0.00032296762755252423,9998385.161862237
all_long,297,0.0,0.00016148381377626211,0.0,-0.0,-0.00032296762755252423,9998385.161862237
all_long,298,0.0,0.00016148381377626211,0.0,-0.0,-0.00032296762755252423,9998385.161862237
all_long,299,0.0,0.00016148381377626211,0.0,-0.0,-0.00032296762755252423,9998385.161862237
all_long,300,0.0,0.00016148381377626211,0.0,-0.0,-0.00032296762755252423,9998385.161862237
all_long,301,0.0,0.00016148381377626211,0.0,-0.0,-0.00032296762755252423,9998385.161862237
all_long,302,0.0,0.00016148381377626211,0.0,-0.0,-0.00032296762755252423,9998385.161862237
all_long,303,0.0,0.00016148381377626211,0.0,-0.0,-0.00032296762755252423,9998385.161862237
all_long,304,0.0,0.00016148381377626211,0.0,-0.0,-0.00032296762755252423,9998385.161862237
all_long,305,0.0,0.00016148381377626211,0.0,-0.0,-0.00032296762755252423,9998385.161862237
all_long,306,0.0,0.00016148381377626211,0.0,-0.0,-0.00032296762755252423,9998385.161862237
all_long,307,0.0,0.00016148381377626211,0.0,-0.0,-0.00032296762755252423,9998385.161862237
all_long,308,0.0,0.00016148381377626211,0.0,-0.0,-0.00032296762755252423,9998385.161862237
all_long,309,0.0,0.00016148381377626211,0.0,-0.0,-0.00032296762755252423,9998385.161862237
all_long,310,0.0,0.00016148381377626211,0.0,-0.0,-0.00032296762755252423,9998385.161862237
all_long,311,0.0,0.00016148381377626211,0.0,-0.0,-0.00032296762755252423,9998385.161862237
all_long,312,0.0,0.00016148381377626211,0.0,-0.0,-0.00032296762755252423,9998385.161862237
all_long,313,0.0,0.00016148381377626211,0.0,-0.0,-0.00032296762755252423,9998385.161862237
all_long,314,0.0,0.00016148381377626211,0.0,-0.0,-0.00032296762755252423,9998385.161862237
all_long,315,0.0,0.00016148381377626211,0.0,-0.0,-0.00032296762755252423,9998385.161862237
all_long,316,0.0,0.00016148381377626211,0.0,-0.0,-0.00032296762755252423,9998385.161862237
all_long,317,0.0,0.00016148381377626211,0.0,-0.0,-0.00032296762755252423,9998385.161862237
all_long,318,0.0,0.00016148381377626211,0.0,-0.0,-0.00032296762755252423,9998385.161862237
all_long,319,0.0,0.00016148381377626211,0.0,-0.0,-0.00032296762755252423,9998385.161862237
all_long,320,0.0,0.00016148381377626211,0.0,-0.0,-0.00032296762755252423,9998385.161862237
all_long,321,0.0,0.00016148381377626211,0.0,-0.0,-0.00032296762755252423,9998385.161862237
all_long,322,0.0,0.00016148381377626211,0.0,-0.0,-0.00032296762755252423,9998385.161862237
all_long,323,0.0,0.00016148381377626211,0.0,-0.0,-0.00032296762755252423,9998385.161862237
all_long,324,0.0,0.00016148381377626211,0.0,-0.0,-0.00032296762755252423,9998385.161862237
all_long,325,0.0,0.00016148381377626211,0.0,-0.0,-0.00032296762755252423,9998385.161862237
all_long,326,0.0,0.00016148381377626211,0.0,-0.0,-0.00032296762755252423,9998385.161862237
all_long,327,0.0,0.00016148381377626211,0.0,-0.0,-0.00032296762755252423,9998385.161862237
all_long,328,0.0,0.00016148381377626211,0.0,-0.0,-0.00032296762755252423,9998385.161862237
all_long,329,0.0,0.00016148381377626211,0.0,-0.0,-0.00032296762755252423,9998385.161862237
all_long,330,0.0,0.00016148381377626211,0.0,-0.0,-0.00032296762755252423,9998385.161862237
all_long,331,0.0,0.00016148381377626211,0.0,-0.0,-0.00032296762755252423,9998385.161862237
all_long,332,0.0,0.00016148381377626211,0.0,-0.0,-0.00032296762755252423,9998385.161862237
all_long,333,0.0,0.00016148381377626211,0.0,-0.0,-0.00032296762755252423,9998385.161862237
all_long,334,0.0,0.00016148381377626211,0.0,-0.0,-0.00032296762755252423,9998385.161862237
all_long,335,0.0,0.00016148381377626211,0.0,-0.0,-0.00032296762755252423,9998385.161862237
all_long,336,0.0,0.00016148381377626211,0.0,-0.0,-0.00032296762755252423,9998385.161862237
all_long,337,0.0,0.00016148381377626211,0.0,-0.0,-0.00032296762755252423,9998385.161862237
all_long,338,0.0,0.00016148381377626211,0.0,-0.0,-0.00032296762755252423,9998385.161862237
all_long,339,0.0,0.00016148381377626211,0.0,-0.0,-0.00032296762755252423,9998385.161862237
all_long,340,0.0,0.00016148381377626211,0.0,-0.0,-0.00032296762755252423,9998385.161862237
all_long,341,0.0,0.00016148381377626211,0.0,-0.0,-0.00032296762755252423,9998385.161862237
all_long,342,0.0,0.00016148381377626211,0.0,-0.0,-0.00032296762755252423,9998385.161862237
all_long,343,0.0,0.00016148381377626211,0.0,-0.0,-0.00032296762755252423,9998385.161862237
all_long,344,0.0,0.00016148381377626211,0.0,-0.0,-0.00032296762755252423,9998385.161862237
all_long,345,0.0,0.00016148381377626211,0.0,-0.0,-0.00032296762755252423,9998385.161862237
all_long,346,0.0,0.00016148381377626211,0.0,-0.0,-0.00032296762755252423,9998385.161862237
all_long,347,0.0,0.00016148381377626211,0.0,-0.0,-0.00032296762755252423,9998385.161862237
all_long,348,0.0,0.00016148381377626211,0.0,-0.0,-0.00032296762755252423,9998385.161862237
all_long,349,0.0,0.00016148381377626211,0.0,-0.0,-0.00032296762755252423,9998385.161862237
all_long,350,0.0,0.00016148381377626211,0.0,-0.0,-0.00032296762755252423,9998385.161862237
all_long,351,0.0,0.00016148381377626211,0.0,-0.0,-0.00032296762755252423,9998385.161862237
all_long,352,0.0,0.00016148381377626211,0.0,-0.0,-0.00032296762755252423,9998385.161862237
all_long,353,0.0,0.00016148381377626211,0.0,-0.0,-0.00032296762755252423,9998385.161862237
all_long,354,0.0,0.00016148381377626211,0.0,-0.0,-0.00032296762755252423,9998385.161862237
all_long,355,0.0,0.00016148381377626211,0.0,-0.0,-0.00032296762755252423,9998385.161862237
all_long,356,0.0,0.00016148381377626211,0.0,-0.0,-0.00032296762755252423,9998385.161862237
all_long,357,0.0,0.00016148381377626211,0.0,-0.0,-0.00032296762755252423,9998385.161862237
all_long,358,0.0,0.00016148381377626211,0.0,-0.0,-0.00032296762755252423,9998385.161862237
all_long,359,0.0,0.00016148381377626211,0.0,-0.0,-0.00032296762755252423,9998385.161862237
all_long,360,0.0,0.00016148381377626211,0.0,-0.0,-0.00032296762755252423,9998385.161862237
all_long,361,0.0,0.00016148381377626211,0.0,-0.0,-0.00032296762755252423,9998385.161862237
all_long,362,0.0,0.00016148381377626211,0.0,-0.0,-0.00032296762755252423,9998385.161862237
all_long,363,0.0,0.00016148381377626211,0.0,-0.0,-0.00032296762755252423,9998385.161862237
all_long,364,0.0,0.00016148381377626211,0.0,-0.0,-0.00032296762755252423,9998385.161862237
all_long,365,0.0,0.00016148381377626211,0.0,-0.0,-0.00032296762755252423,9998385.161862237
all_long,366,0.0,0.00016148381377626211,0.0,-0.0,-0.00032296762755252423,9998385.161862237
all_long,367,0.0,0.00016148381377626211,0.0,-0.0,-0.00032296762755252423,9998385.161862237
all_long,368,0.0,0.00016148381377626211,0.0,-0.0,-0.00032296762755252423,9998385.161862237
all_long,369,0.0,0.00016148381377626211,0.0,-0.0,-0.00032296762755252423,9998385.161862237
all_long,370,0.0,0.00016148381377626211,0.0,-0.0,-0.00032296762755252423,9998385.161862237
all_long,371,0.0,0.00016148381377626211,0.0,-0.0,-0.00032296762755252423,9998385.161862237
all_long,372,0.0,0.00016148381377626211,0.0,-0.0,-0.00032296762755252423,9998385.161862237
all_long,373,0.0,0.00016148381377626211,0.0,-0.0,-0.00032296762755252423,9998385.161862237
all_long,374,0.0,0.00016148381377626211,0.0,-0.0,-0.00032296762755252423,9998385.161862237
all_long,375,0.0,0.00016148381377626211,0.0,-0.0,-0.00032296762755252423,9998385.161862237
all_long,376,0.0,0.00016148381377626211,0.0,-0.0,-0.00032296762755252423,9998385.161862237
all_long,377,0.0,0.00016148381377626211,0.0,-0.0,-0.00032296762755252423,9998385.161862237
all_long,378,0.0,0.00016148381377626211,0.0,-0.0,-0.00032296762755252423,9998385.161862237
all_long,379,0.0,0.00016148381377626211,0.0,-0.0,-0.00032296762755252423,9998385.161862237
all_long,380,0.0,0.00016148381377626211,0.0,-0.0,-0.00032296762755252423,9998385.161862237
all_long,381,0.0,0.00016148381377626211,0.0,-0.0,-0.00032296762755252423,9998385.161862237
all_long,382,0.0,0.00016148381377626211,0.0,-0.0,-0.00032296762755252423,9998385.161862237
all_long,383,0.0,0.00016148381377626211,0.0,-0.0,-0.00032296762755252423,9998385.161862237
all_long,384,0.0,0.00016148381377626211,0.0,-0.0,-0.00032296762755252423,9998385.161862237
all_long,385,0.0,0.00016148381377626211,0.0,-0.0,-0.00032296762755252423,9998385.161862237
all_long,386,0.0,0.00016148381377626211,0.0,-0.0,-0.00032296762755252423,9998385.161862237
all_long,387,0.0,0.00016148381377626211,0.0,-0.0,-0.00032296762755252423,9998385.161862237
all_long,388,0.0,0.00016148381377626211,0.0,-0.0,-0.00032296762755252423,9998385.161862237
all_long,389,0.0,0.00016148381377626211,0.0,-0.0,-0.00032296762755252423,9998385.161862237
all_long,390,0.0,0.00016148381377626211,0.0,-0.0,-0.00032296762755252423,9998385.161862237
all_long,391,0.0,0.00016148381377626211,0.0,-0.0,-0.00032296762755252423,9998385.161862237
all_long,392,0.0,0.00016148381377626211,0.0,-0.0,-0.00032296762755252423,9998385.161862237
all_long,393,0.0,0.00016148381377626211,0.0,-0.0,-0.00032296762755252423,9998385.161862237
all_long,394,0.0,0.00016148381377626211,0.0,-0.0,-0.00032296762755252423,9998385.161862237
all_long,395,0.0,0.00016148381377626211,0.0,-0.0,-0.00032296762755252423,9998385.161862237
all_long,396,0.0,0.00016148381377626211,0.0,-0.0,-0.00032296762755252423,9998385.161862237
all_long,397,0.0,0.00016148381377626211,0.0,-0.0,-0.00032296762755252423,9998385.161862237
all_long,398,0.0,0.00016148381377626211,0.0,-0.0,-0.00032296762755252423,9998385.161862237
all_long,399,0.0,0.00016148381377626211,0.0,-0.0,-0.00032296762755252423,9998385.161862237
all_long,400,0.0,0.00016148381377626211,0.0,-0.0,-0.00032296762755252423,9998385.161862237
all_long,401,0.0,0.00016148381377626211,0.0,-0.0,-0.00032296762755252423,9998385.161862237
all_long,402,0.0,0.00016148381377626211,0.0,-0.0,-0.00032296762755252423,9998385.161862237
all_long,403,0.0,0.00016148381377626211,0.0,-0.0,-0.00032296762755252423,9998385.161862237
all_long,404,0.0,0.00016148381377626211,0.0,-0.0,-0.00032296762755252423,9998385.161862237
all_long,405,0.0,0.00016148381377626211,0.0,-0.0,-0.00032296762755252423,9998385.161862237
all_long,406,0.0,0.00016148381377626211,0.0,-0.0,-0.00032296762755252423,9998385.161862237
all_flat,0,0.0,0.0,0.0,-0.0,0.0,10000000.0
all_flat,1,0.0,0.0,0.0,-0.0,0.0,10000000.0
all_flat,2,0.0,0.0,0.0,-0.0,0.0,10000000.0
all_flat,3,0.0,0.0,0.0,-0.0,0.0,10000000.0
all_flat,4,0.0,0.0,0.0,-0.0,0.0,10000000.0
all_flat,5,0.0,0.0,0.0,-0.0,0.0,10000000.0
all_flat,6,0.0,0.0,0.0,-0.0,0.0,10000000.0
all_flat,7,0.0,0.0,0.0,-0.0,0.0,10000000.0
all_flat,8,0.0,0.0,0.0,-0.0,0.0,10000000.0
all_flat,9,0.0,0.0,0.0,-0.0,0.0,10000000.0
all_flat,10,0.0,0.0,0.0,-0.0,0.0,10000000.0
all_flat,11,0.0,0.0,0.0,-0.0,0.0,10000000.0
all_flat,12,0.0,0.0,0.0,-0.0,0.0,10000000.0
all_flat,13,0.0,0.0,0.0,-0.0,0.0,10000000.0
all_flat,14,0.0,0.0,0.0,-0.0,0.0,10000000.0
all_flat,15,0.0,0.0,0.0,-0.0,0.0,10000000.0
all_flat,16,0.0,0.0,0.0,-0.0,0.0,10000000.0
all_flat,17,0.0,0.0,0.0,-0.0,0.0,10000000.0
all_flat,18,0.0,0.0,0.0,-0.0,0.0,10000000.0
all_flat,19,0.0,0.0,0.0,-0.0,0.0,10000000.0
all_flat,20,0.0,0.0,0.0,-0.0,0.0,10000000.0
all_flat,21,0.0,0.0,0.0,-0.0,0.0,10000000.0
all_flat,22,0.0,0.0,0.0,-0.0,0.0,10000000.0
all_flat,23,0.0,0.0,0.0,-0.0,0.0,10000000.0
all_flat,24,0.0,0.0,0.0,-0.0,0.0,10000000.0
all_flat,25,0.0,0.0,0.0,-0.0,0.0,10000000.0
all_flat,26,0.0,0.0,0.0,-0.0,0.0,10000000.0
all_flat,27,0.0,0.0,0.0,-0.0,0.0,10000000.0
all_flat,28,0.0,0.0,0.0,-0.0,0.0,10000000.0
all_flat,29,0.0,0.0,0.0,-0.0,0.0,10000000.0
all_flat,30,0.0,0.0,0.0,-0.0,0.0,10000000.0
all_flat,31,0.0,0.0,0.0,-0.0,0.0,10000000.0
all_flat,32,0.0,0.0,0.0,-0.0,0.0,10000000.0
all_flat,33,0.0,0.0,0.0,-0.0,0.0,10000000.0
all_flat,34,0.0,0.0,0.0,-0.0,0.0,10000000.0
all_flat,35,0.0,0.0,0.0,-0.0,0.0,10000000.0
all_flat,36,0.0,0.0,0.0,-0.0,0.0,10000000.0
all_flat,37,0.0,0.0,0.0,-0.0,0.0,10000000.0
all_flat,38,0.0,0.0,0.0,-0.0,0.0,10000000.0
all_flat,39,0.0,0.0,0.0,-0.0,0.0,10000000.0
all_flat,40,0.0,0.0,0.0,-0.0,0.0,10000000.0
all_flat,41,0.0,0.0,0.0,-0.0,0.0,10000000.0
all_flat,42,0.0,0.0,0.0,-0.0,0.0,10000000.0
all_flat,43,0.0,0.0,0.0,-0.0,0.0,10000000.0
all_flat,44,0.0,0.0,0.0,-0.0,0.0,10000000.0
all_flat,45,0.0,0.0,0.0,-0.0,0.0,10000000.0
all_flat,46,0.0,0.0,0.0,-0.0,0.0,10000000.0
all_flat,47,0.0,0.0,0.0,-0.0,0.0,10000000.0
all_flat,48,0.0,0.0,0.0,-0.0,0.0,10000000.0
all_flat,49,0.0,0.0,0.0,-0.0,0.0,10000000.0
all_flat,50,0.0,0.0,0.0,-0.0,0.0,10000000.0
all_flat,51,0.0,0.0,0.0,-0.0,0.0,10000000.0
all_flat,52,0.0,0.0,0.0,-0.0,0.0,10000000.0
all_flat,53,0.0,0.0,0.0,-0.0,0.0,10000000.0
all_flat,54,0.0,0.0,0.0,-0.0,0.0,10000000.0
all_flat,55,0.0,0.0,0.0,-0.0,0.0,10000000.0
all_flat,56,0.0,0.0,0.0,-0.0,0.0,10000000.0
all_flat,57,0.0,0.0,0.0,-0.0,0.0,10000000.0
all_flat,58,0.0,0.0,0.0,-0.0,0.0,10000000.0
all_flat,59,0.0,0.0,0.0,-0.0,0.0,10000000.0
all_flat,60,0.0,0.0,0.0,-0.0,0.0,10000000.0
all_flat,61,0.0,0.0,0.0,-0.0,0.0,10000000.0
all_flat,62,0.0,0.0,0.0,-0.0,0.0,10000000.0
all_flat,63,0.0,0.0,0.0,-0.0,0.0,10000000.0
all_flat,64,0.0,0.0,0.0,-0.0,0.0,10000000.0
all_flat,65,0.0,0.0,0.0,-0.0,0.0,10000000.0
all_flat,66,0.0,0.0,0.0,-0.0,0.0,10000000.0
all_flat,67,0.0,0.0,0.0,-0.0,0.0,10000000.0
all_flat,68,0.0,0.0,0.0,-0.0,0.0,10000000.0
all_flat,69,0.0,0.0,0.0,-0.0,0.0,10000000.0
all_flat,70,0.0,0.0,0.0,-0.0,0.0,10000000.0
all_flat,71,0.0,0.0,0.0,-0.0,0.0,10000000.0
all_flat,72,0.0,0.0,0.0,-0.0,0.0,10000000.0
all_flat,73,0.0,0.0,0.0,-0.0,0.0,10000000.0
all_flat,74,0.0,0.0,0.0,-0.0,0.0,10000000.0
all_flat,75,0.0,0.0,0.0,-0.0,0.0,10000000.0
all_flat,76,0.0,0.0,0.0,-0.0,0.0,10000000.0
all_flat,77,0.0,0.0,0.0,-0.0,0.0,10000000.0
all_flat,78,0.0,0.0,0.0,-0.0,0.0,10000000.0
all_flat,79,0.0,0.0,0.0,-0.0,0.0,10000000.0
all_flat,80,0.0,0.0,0.0,-0.0,0.0,10000000.0
all_flat,81,0.0,0.0,0.0,-0.0,0.0,10000000.0
all_flat,82,0.0,0.0,0.0,-0.0,0.0,10000000.0
all_flat,83,0.0,0.0,0.0,-0.0,0.0,10000000.0
all_flat,84,0.0,0.0,0.0,-0.0,0.0,10000000.0
all_flat,85,0.0,0.0,0.0,-0.0,0.0,10000000.0
all_flat,86,0.0,0.0,0.0,-0.0,0.0,10000000.0
all_flat,87,0.0,0.0,0.0,-0.0,0.0,10000000.0
all_flat,88,0.0,0.0,0.0,-0.0,0.0,10000000.0
all_flat,89,0.0,0.0,0.0,-0.0,0.0,10000000.0
all_flat,90,0.0,0.0,0.0,-0.0,0.0,10000000.0
all_flat,91,0.0,0.0,0.0,-0.0,0.0,10000000.0
all_flat,92,0.0,0.0,0.0,-0.0,0.0,10000000.0
all_flat,93,0.0,0.0,0.0,-0.0,0.0,10000000.0
all_flat,94,0.0,0.0,0.0,-0.0,0.0,10000000.0
all_flat,95,0.0,0.0,0.0,-0.0,0.0,10000000.0
all_flat,96,0.0,0.0,0.0,-0.0,0.0,10000000.0
all_flat,97,0.0,0.0,0.0,-0.0,0.0,10000000.0
all_flat,98,0.0,0.0,0.0,-0.0,0.0,10000000.0
all_flat,99,0.0,0.0,0.0,-0.0,0.0,10000000.0
all_flat,100,0.0,0.0,0.0,-0.0,0.0,10000000.0
all_flat,101,0.0,0.0,0.0,-0.0,0.0,10000000.0
all_flat,102,0.0,0.0,0.0,-0.0,0.0,10000000.0
all_flat,103,0.0,0.0,0.0,-0.0,0.0,10000000.0
all_flat,104,0.0,0.0,0.0,-0.0,0.0,10000000.0
all_flat,105,0.0,0.0,0.0,-0.0,0.0,10000000.0
all_flat,106,0.0,0.0,0.0,-0.0,0.0,10000000.0
all_flat,107,0.0,0.0,0.0,-0.0,0.0,10000000.0
all_flat,108,0.0,0.0,0.0,-0.0,0.0,10000000.0
all_flat,109,0.0,0.0,0.0,-0.0,0.0,10000000.0
all_flat,110,0.0,0.0,0.0,-0.0,0.0,10000000.0
all_flat,111,0.0,0.0,0.0,-0.0,0.0,10000000.0
all_flat,112,0.0,0.0,0.0,-0.0,0.0,10000000.0
all_flat,113,0.0,0.0,0.0,-0.0,0.0,10000000.0
all_flat,114,0.0,0.0,0.0,-0.0,0.0,10000000.0
all_flat,115,0.0,0.0,0.0,-0.0,0.0,10000000.0
all_flat,116,0.0,0.0,0.0,-0.0,0.0,10000000.0
all_flat,117,0.0,0.0,0.0,-0.0,0.0,10000000.0
all_flat,118,0.0,0.0,0.0,-0.0,0.0,10000000.0
all_flat,119,0.0,0.0,0.0,-0.0,0.0,10000000.0
all_flat,120,0.0,0.0,0.0,-0.0,0.0,10000000.0
all_flat,121,0.0,0.0,0.0,-0.0,0.0,10000000.0
all_flat,122,0.0,0.0,0.0,-0.0,0.0,10000000.0
all_flat,123,0.0,0.0,0.0,-0.0,0.0,10000000.0
all_flat,124,0.0,0.0,0.0,-0.0,0.0,10000000.0
all_flat,125,0.0,0.0,0.0,-0.0,0.0,10000000.0
all_flat,126,0.0,0.0,0.0,-0.0,0.0,10000000.0
all_flat,127,0.0,0.0,0.0,-0.0,0.0,10000000.0
all_flat,128,0.0,0.0,0.0,-0.0,0.0,10000000.0
all_flat,129,0.0,0.0,0.0,-0.0,0.0,10000000.0
all_flat,130,0.0,0.0,0.0,-0.0,0.0,10000000.0
all_flat,131,0.0,0.0,0.0,-0.0,0.0,10000000.0
all_flat,132,0.0,0.0,0.0,-0.0,0.0,10000000.0
all_flat,133,0.0,0.0,0.0,-0.0,0.0,10000000.0
all_flat,134,0.0,0.0,0.0,-0.0,0.0,10000000.0
all_flat,135,0.0,0.0,0.0,-0.0,0.0,10000000.0
all_flat,136,0.0,0.0,0.0,-0.0,0.0,10000000.0
all_flat,137,0.0,0.0,0.0,-0.0,0.0,10000000.0
all_flat,138,0.0,0.0,0.0,-0.0,0.0,10000000.0
all_flat,139,0.0,0.0,0.0,-0.0,0.0,10000000.0
all_flat,140,0.0,0.0,0.0,-0.0,0.0,10000000.0
all_flat,141,0.0,0.0,0.0,-0.0,0.0,10000000.0
all_flat,142,0.0,0.0,0.0,-0.0,0.0,10000000.0
all_flat,143,0.0,0.0,0.0,-0.0,0.0,10000000.0
all_flat,144,0.0,0.0,0.0,-0.0,0.0,10000000.0
all_flat,145,0.0,0.0,0.0,-0.0,0.0,10000000.0
all_flat,146,0.0,0.0,0.0,-0.0,0.0,10000000.0
all_flat,147,0.0,0.0,0.0,-0.0,0.0,10000000.0
all_flat,148,0.0,0.0,0.0,-0.0,0.0,10000000.0
all_flat,149,0.0,0.0,0.0,-0.0,0.0,10000000.0
all_flat,150,0.0,0.0,0.0,-0.0,0.0,10000000.0
all_flat,151,0.0,0.0,0.0,-0.0,0.0,10000000.0
all_flat,152,0.0,0.0,0.0,-0.0,0.0,10000000.0
all_flat,153,0.0,0.0,0.0,-0.0,0.0,10000000.0
all_flat,154,0.0,0.0,0.0,-0.0,0.0,10000000.0
all_flat,155,0.0,0.0,0.0,-0.0,0.0,10000000.0
all_flat,156,0.0,0.0,0.0,-0.0,0.0,10000000.0
all_flat,157,0.0,0.0,0.0,-0.0,0.0,10000000.0
all_flat,158,0.0,0.0,0.0,-0.0,0.0,10000000.0
all_flat,159,0.0,0.0,0.0,-0.0,0.0,10000000.0
all_flat,160,0.0,0.0,0.0,-0.0,0.0,10000000.0
all_flat,161,0.0,0.0,0.0,-0.0,0.0,10000000.0
all_flat,162,0.0,0.0,0.0,-0.0,0.0,10000000.0
all_flat,163,0.0,0.0,0.0,-0.0,0.0,10000000.0
all_flat,164,0.0,0.0,0.0,-0.0,0.0,10000000.0
all_flat,165,0.0,0.0,0.0,-0.0,0.0,10000000.0
all_flat,166,0.0,0.0,0.0,-0.0,0.0,10000000.0
all_flat,167,0.0,0.0,0.0,-0.0,0.0,10000000.0
all_flat,168,0.0,0.0,0.0,-0.0,0.0,10000000.0
all_flat,169,0.0,0.0,0.0,-0.0,0.0,10000000.0
all_flat,170,0.0,0.0,0.0,-0.0,0.0,10000000.0
all_flat,171,0.0,0.0,0.0,-0.0,0.0,10000000.0
all_flat,172,0.0,0.0,0.0,-0.0,0.0,10000000.0
all_flat,173,0.0,0.0,0.0,-0.0,0.0,10000000.0
all_flat,174,0.0,0.0,0.0,-0.0,0.0,10000000.0
all_flat,175,0.0,0.0,0.0,-0.0,0.0,10000000.0
all_flat,176,0.0,0.0,0.0,-0.0,0.0,10000000.0
all_flat,177,0.0,0.0,0.0,-0.0,0.0,10000000.0
all_flat,178,0.0,0.0,0.0,-0.0,0.0,10000000.0
all_flat,179,0.0,0.0,0.0,-0.0,0.0,10000000.0
all_flat,180,0.0,0.0,0.0,-0.0,0.0,10000000.0
all_flat,181,0.0,0.0,0.0,-0.0,0.0,10000000.0
all_flat,182,0.0,0.0,0.0,-0.0,0.0,10000000.0
all_flat,183,0.0,0.0,0.0,-0.0,0.0,10000000.0
all_flat,184,0.0,0.0,0.0,-0.0,0.0,10000000.0
all_flat,185,0.0,0.0,0.0,-0.0,0.0,10000000.0
all_flat,186,0.0,0.0,0.0,-0.0,0.0,10000000.0
all_flat,187,0.0,0.0,0.0,-0.0,0.0,10000000.0
all_flat,188,0.0,0.0,0.0,-0.0,0.0,10000000.0
all_flat,189,0.0,0.0,0.0,-0.0,0.0,10000000.0
all_flat,190,0.0,0.0,0.0,-0.0,0.0,10000000.0
all_flat,191,0.0,0.0,0.0,-0.0,0.0,10000000.0
all_flat,192,0.0,0.0,0.0,-0.0,0.0,10000000.0
all_flat,193,0.0,0.0,0.0,-0.0,0.0,10000000.0
all_flat,194,0.0,0.0,0.0,-0.0,0.0,10000000.0
all_flat,195,0.0,0.0,0.0,-0.0,0.0,10000000.0
all_flat,196,0.0,0.0,0.0,-0.0,0.0,10000000.0
all_flat,197,0.0,0.0,0.0,-0.0,0.0,10000000.0
all_flat,198,0.0,0.0,0.0,-0.0,0.0,10000000.0
all_flat,199,0.0,0.0,0.0,-0.0,0.0,10000000.0
all_flat,200,0.0,0.0,0.0,-0.0,0.0,10000000.0
all_flat,201,0.0,0.0,0.0,-0.0,0.0,10000000.0
all_flat,202,0.0,0.0,0.0,-0.0,0.0,10000000.0
all_flat,203,0.0,0.0,0.0,-0.0,0.0,10000000.0
all_flat,204,0.0,0.0,0.0,-0.0,0.0,10000000.0
all_flat,205,0.0,0.0,0.0,-0.0,0.0,10000000.0
all_flat,206,0.0,0.0,0.0,-0.0,0.0,10000000.0
all_flat,207,0.0,0.0,0.0,-0.0,0.0,10000000.0
all_flat,208,0.0,0.0,0.0,-0.0,0.0,10000000.0
all_flat,209,0.0,0.0,0.0,-0.0,0.0,10000000.0
all_flat,210,0.0,0.0,0.0,-0.0,0.0,10000000.0
all_flat,211,0.0,0.0,0.0,-0.0,0.0,10000000.0
all_flat,212,0.0,0.0,0.0,-0.0,0.0,10000000.0
all_flat,213,0.0,0.0,0.0,-0.0,0.0,10000000.0
all_flat,214,0.0,0.0,0.0,-0.0,0.0,10000000.0
all_flat,215,0.0,0.0,0.0,-0.0,0.0,10000000.0
all_flat,216,0.0,0.0,0.0,-0.0,0.0,10000000.0
all_flat,217,0.0,0.0,0.0,-0.0,0.0,10000000.0
all_flat,218,0.0,0.0,0.0,-0.0,0.0,10000000.0
all_flat,219,0.0,0.0,0.0,-0.0,0.0,10000000.0
all_flat,220,0.0,0.0,0.0,-0.0,0.0,10000000.0
all_flat,221,0.0,0.0,0.0,-0.0,0.0,10000000.0
all_flat,222,0.0,0.0,0.0,-0.0,0.0,10000000.0
all_flat,223,0.0,0.0,0.0,-0.0,0.0,10000000.0
all_flat,224,0.0,0.0,0.0,-0.0,0.0,10000000.0
all_flat,225,0.0,0.0,0.0,-0.0,0.0,10000000.0
all_flat,226,0.0,0.0,0.0,-0.0,0.0,10000000.0
all_flat,227,0.0,0.0,0.0,-0.0,0.0,10000000.0
all_flat,228,0.0,0.0,0.0,-0.0,0.0,10000000.0
all_flat,229,0.0,0.0,0.0,-0.0,0.0,10000000.0
all_flat,230,0.0,0.0,0.0,-0.0,0.0,10000000.0
all_flat,231,0.0,0.0,0.0,-0.0,0.0,10000000.0
all_flat,232,0.0,0.0,0.0,-0.0,0.0,10000000.0
all_flat,233,0.0,0.0,0.0,-0.0,0.0,10000000.0
all_flat,234,0.0,0.0,0.0,-0.0,0.0,10000000.0
all_flat,235,0.0,0.0,0.0,-0.0,0.0,10000000.0
all_flat,236,0.0,0.0,0.0,-0.0,0.0,10000000.0
all_flat,237,0.0,0.0,0.0,-0.0,0.0,10000000.0
all_flat,238,0.0,0.0,0.0,-0.0,0.0,10000000.0
all_flat,239,0.0,0.0,0.0,-0.0,0.0,10000000.0
all_flat,240,0.0,0.0,0.0,-0.0,0.0,10000000.0
all_flat,241,0.0,0.0,0.0,-0.0,0.0,10000000.0
all_flat,242,0.0,0.0,0.0,-0.0,0.0,10000000.0
all_flat,243,0.0,0.0,0.0,-0.0,0.0,10000000.0
all_flat,244,0.0,0.0,0.0,-0.0,0.0,10000000.0
all_flat,245,0.0,0.0,0.0,-0.0,0.0,10000000.0
all_flat,246,0.0,0.0,0.0,-0.0,0.0,10000000.0
all_flat,247,0.0,0.0,0.0,-0.0,0.0,10000000.0
all_flat,248,0.0,0.0,0.0,-0.0,0.0,10000000.0
all_flat,249,0.0,0.0,0.0,-0.0,0.0,10000000.0
all_flat,250,0.0,0.0,0.0,-0.0,0.0,10000000.0
all_flat,251,0.0,0.0,0.0,-0.0,0.0,10000000.0
all_flat,252,0.0,0.0,0.0,-0.0,0.0,10000000.0
all_flat,253,0.0,0.0,0.0,-0.0,0.0,10000000.0
all_flat,254,0.0,0.0,0.0,-0.0,0.0,10000000.0
all_flat,255,0.0,0.0,0.0,-0.0,0.0,10000000.0
all_flat,256,0.0,0.0,0.0,-0.0,0.0,10000000.0
all_flat,257,0.0,0.0,0.0,-0.0,0.0,10000000.0
all_flat,258,0.0,0.0,0.0,-0.0,0.0,10000000.0
all_flat,259,0.0,0.0,0.0,-0.0,0.0,10000000.0
all_flat,260,0.0,0.0,0.0,-0.0,0.0,10000000.0
all_flat,261,0.0,0.0,0.0,-0.0,0.0,10000000.0
all_flat,262,0.0,0.0,0.0,-0.0,0.0,10000000.0
all_flat,263,0.0,0.0,0.0,-0.0,0.0,10000000.0
all_flat,264,0.0,0.0,0.0,-0.0,0.0,10000000.0
all_flat,265,0.0,0.0,0.0,-0.0,0.0,10000000.0
all_flat,266,0.0,0.0,0.0,-0.0,0.0,10000000.0
all_flat,267,0.0,0.0,0.0,-0.0,0.0,10000000.0
all_flat,268,0.0,0.0,0.0,-0.0,0.0,10000000.0
all_flat,269,0.0,0.0,0.0,-0.0,0.0,10000000.0
all_flat,270,0.0,0.0,0.0,-0.0,0.0,10000000.0
all_flat,271,0.0,0.0,0.0,-0.0,0.0,10000000.0
all_flat,272,0.0,0.0,0.0,-0.0,0.0,10000000.0
all_flat,273,0.0,0.0,0.0,-0.0,0.0,10000000.0
all_flat,274,0.0,0.0,0.0,-0.0,0.0,10000000.0
all_flat,275,0.0,0.0,0.0,-0.0,0.0,10000000.0
all_flat,276,0.0,0.0,0.0,-0.0,0.0,10000000.0
all_flat,277,0.0,0.0,0.0,-0.0,0.0,10000000.0
all_flat,278,0.0,0.0,0.0,-0.0,0.0,10000000.0
all_flat,279,0.0,0.0,0.0,-0.0,0.0,10000000.0
all_flat,280,0.0,0.0,0.0,-0.0,0.0,10000000.0
all_flat,281,0.0,0.0,0.0,-0.0,0.0,10000000.0
all_flat,282,0.0,0.0,0.0,-0.0,0.0,10000000.0
all_flat,283,0.0,0.0,0.0,-0.0,0.0,10000000.0
all_flat,284,0.0,0.0,0.0,-0.0,0.0,10000000.0
all_flat,285,0.0,0.0,0.0,-0.0,0.0,10000000.0
all_flat,286,0.0,0.0,0.0,-0.0,0.0,10000000.0
all_flat,287,0.0,0.0,0.0,-0.0,0.0,10000000.0
all_flat,288,0.0,0.0,0.0,-0.0,0.0,10000000.0
all_flat,289,0.0,0.0,0.0,-0.0,0.0,10000000.0
all_flat,290,0.0,0.0,0.0,-0.0,0.0,10000000.0
all_flat,291,0.0,0.0,0.0,-0.0,0.0,10000000.0
all_flat,292,0.0,0.0,0.0,-0.0,0.0,10000000.0
all_flat,293,0.0,0.0,0.0,-0.0,0.0,10000000.0
all_flat,294,0.0,0.0,0.0,-0.0,0.0,10000000.0
all_flat,295,0.0,0.0,0.0,-0.0,0.0,10000000.0
all_flat,296,0.0,0.0,0.0,-0.0,0.0,10000000.0
all_flat,297,0.0,0.0,0.0,-0.0,0.0,10000000.0
all_flat,298,0.0,0.0,0.0,-0.0,0.0,10000000.0
all_flat,299,0.0,0.0,0.0,-0.0,0.0,10000000.0
all_flat,300,0.0,0.0,0.0,-0.0,0.0,10000000.0
all_flat,301,0.0,0.0,0.0,-0.0,0.0,10000000.0
all_flat,302,0.0,0.0,0.0,-0.0,0.0,10000000.0
all_flat,303,0.0,0.0,0.0,-0.0,0.0,10000000.0
all_flat,304,0.0,0.0,0.0,-0.0,0.0,10000000.0
all_flat,305,0.0,0.0,0.0,-0.0,0.0,10000000.0
all_flat,306,0.0,0.0,0.0,-0.0,0.0,10000000.0
all_flat,307,0.0,0.0,0.0,-0.0,0.0,10000000.0
all_flat,308,0.0,0.0,0.0,-0.0,0.0,10000000.0
all_flat,309,0.0,0.0,0.0,-0.0,0.0,10000000.0
all_flat,310,0.0,0.0,0.0,-0.0,0.0,10000000.0
all_flat,311,0.0,0.0,0.0,-0.0,0.0,10000000.0
all_flat,312,0.0,0.0,0.0,-0.0,0.0,10000000.0
all_flat,313,0.0,0.0,0.0,-0.0,0.0,10000000.0
all_flat,314,0.0,0.0,0.0,-0.0,0.0,10000000.0
all_flat,315,0.0,0.0,0.0,-0.0,0.0,10000000.0
all_flat,316,0.0,0.0,0.0,-0.0,0.0,10000000.0
all_flat,317,0.0,0.0,0.0,-0.0,0.0,10000000.0
all_flat,318,0.0,0.0,0.0,-0.0,0.0,10000000.0
all_flat,319,0.0,0.0,0.0,-0.0,0.0,10000000.0
all_flat,320,0.0,0.0,0.0,-0.0,0.0,10000000.0
all_flat,321,0.0,0.0,0.0,-0.0,0.0,10000000.0
all_flat,322,0.0,0.0,0.0,-0.0,0.0,10000000.0
all_flat,323,0.0,0.0,0.0,-0.0,0.0,10000000.0
all_flat,324,0.0,0.0,0.0,-0.0,0.0,10000000.0
all_flat,325,0.0,0.0,0.0,-0.0,0.0,10000000.0
all_flat,326,0.0,0.0,0.0,-0.0,0.0,10000000.0
all_flat,327,0.0,0.0,0.0,-0.0,0.0,10000000.0
all_flat,328,0.0,0.0,0.0,-0.0,0.0,10000000.0
all_flat,329,0.0,0.0,0.0,-0.0,0.0,10000000.0
all_flat,330,0.0,0.0,0.0,-0.0,0.0,10000000.0
all_flat,331,0.0,0.0,0.0,-0.0,0.0,10000000.0
all_flat,332,0.0,0.0,0.0,-0.0,0.0,10000000.0
all_flat,333,0.0,0.0,0.0,-0.0,0.0,10000000.0
all_flat,334,0.0,0.0,0.0,-0.0,0.0,10000000.0
all_flat,335,0.0,0.0,0.0,-0.0,0.0,10000000.0
all_flat,336,0.0,0.0,0.0,-0.0,0.0,10000000.0
all_flat,337,0.0,0.0,0.0,-0.0,0.0,10000000.0
all_flat,338,0.0,0.0,0.0,-0.0,0.0,10000000.0
all_flat,339,0.0,0.0,0.0,-0.0,0.0,10000000.0
all_flat,340,0.0,0.0,0.0,-0.0,0.0,10000000.0
all_flat,341,0.0,0.0,0.0,-0.0,0.0,10000000.0
all_flat,342,0.0,0.0,0.0,-0.0,0.0,10000000.0
all_flat,343,0.0,0.0,0.0,-0.0,0.0,10000000.0
all_flat,344,0.0,0.0,0.0,-0.0,0.0,10000000.0
all_flat,345,0.0,0.0,0.0,-0.0,0.0,10000000.0
all_flat,346,0.0,0.0,0.0,-0.0,0.0,10000000.0
all_flat,347,0.0,0.0,0.0,-0.0,0.0,10000000.0
all_flat,348,0.0,0.0,0.0,-0.0,0.0,10000000.0
all_flat,349,0.0,0.0,0.0,-0.0,0.0,10000000.0
all_flat,350,0.0,0.0,0.0,-0.0,0.0,10000000.0
all_flat,351,0.0,0.0,0.0,-0.0,0.0,10000000.0
all_flat,352,0.0,0.0,0.0,-0.0,0.0,10000000.0
all_flat,353,0.0,0.0,0.0,-0.0,0.0,10000000.0
all_flat,354,0.0,0.0,0.0,-0.0,0.0,10000000.0
all_flat,355,0.0,0.0,0.0,-0.0,0.0,10000000.0
all_flat,356,0.0,0.0,0.0,-0.0,0.0,10000000.0
all_flat,357,0.0,0.0,0.0,-0.0,0.0,10000000.0
all_flat,358,0.0,0.0,0.0,-0.0,0.0,10000000.0
all_flat,359,0.0,0.0,0.0,-0.0,0.0,10000000.0
all_flat,360,0.0,0.0,0.0,-0.0,0.0,10000000.0
all_flat,361,0.0,0.0,0.0,-0.0,0.0,10000000.0
all_flat,362,0.0,0.0,0.0,-0.0,0.0,10000000.0
all_flat,363,0.0,0.0,0.0,-0.0,0.0,10000000.0
all_flat,364,0.0,0.0,0.0,-0.0,0.0,10000000.0
all_flat,365,0.0,0.0,0.0,-0.0,0.0,10000000.0
all_flat,366,0.0,0.0,0.0,-0.0,0.0,10000000.0
all_flat,367,0.0,0.0,0.0,-0.0,0.0,10000000.0
all_flat,368,0.0,0.0,0.0,-0.0,0.0,10000000.0
all_flat,369,0.0,0.0,0.0,-0.0,0.0,10000000.0
all_flat,370,0.0,0.0,0.0,-0.0,0.0,10000000.0
all_flat,371,0.0,0.0,0.0,-0.0,0.0,10000000.0
all_flat,372,0.0,0.0,0.0,-0.0,0.0,10000000.0
all_flat,373,0.0,0.0,0.0,-0.0,0.0,10000000.0
all_flat,374,0.0,0.0,0.0,-0.0,0.0,10000000.0
all_flat,375,0.0,0.0,0.0,-0.0,0.0,10000000.0
all_flat,376,0.0,0.0,0.0,-0.0,0.0,10000000.0
all_flat,377,0.0,0.0,0.0,-0.0,0.0,10000000.0
all_flat,378,0.0,0.0,0.0,-0.0,0.0,10000000.0
all_flat,379,0.0,0.0,0.0,-0.0,0.0,10000000.0
all_flat,380,0.0,0.0,0.0,-0.0,0.0,10000000.0
all_flat,381,0.0,0.0,0.0,-0.0,0.0,10000000.0
all_flat,382,0.0,0.0,0.0,-0.0,0.0,10000000.0
all_flat,383,0.0,0.0,0.0,-0.0,0.0,10000000.0
all_flat,384,0.0,0.0,0.0,-0.0,0.0,10000000.0
all_flat,385,0.0,0.0,0.0,-0.0,0.0,10000000.0
all_flat,386,0.0,0.0,0.0,-0.0,0.0,10000000.0
all_flat,387,0.0,0.0,0.0,-0.0,0.0,10000000.0
all_flat,388,0.0,0.0,0.0,-0.0,0.0,10000000.0
all_flat,389,0.0,0.0,0.0,-0.0,0.0,10000000.0
all_flat,390,0.0,0.0,0.0,-0.0,0.0,10000000.0
all_flat,391,0.0,0.0,0.0,-0.0,0.0,10000000.0
all_flat,392,0.0,0.0,0.0,-0.0,0.0,10000000.0
all_flat,393,0.0,0.0,0.0,-0.0,0.0,10000000.0
all_flat,394,0.0,0.0,0.0,-0.0,0.0,10000000.0
all_flat,395,0.0,0.0,0.0,-0.0,0.0,10000000.0
all_flat,396,0.0,0.0,0.0,-0.0,0.0,10000000.0
all_flat,397,0.0,0.0,0.0,-0.0,0.0,10000000.0
all_flat,398,0.0,0.0,0.0,-0.0,0.0,10000000.0
all_flat,399,0.0,0.0,0.0,-0.0,0.0,10000000.0
all_flat,400,0.0,0.0,0.0,-0.0,0.0,10000000.0
all_flat,401,0.0,0.0,0.0,-0.0,0.0,10000000.0
all_flat,402,0.0,0.0,0.0,-0.0,0.0,10000000.0
all_flat,403,0.0,0.0,0.0,-0.0,0.0,10000000.0
all_flat,404,0.0,0.0,0.0,-0.0,0.0,10000000.0
all_flat,405,0.0,0.0,0.0,-0.0,0.0,10000000.0
all_flat,406,0.0,0.0,0.0,-0.0,0.0,10000000.0
