timestamp,rawppo_reward,nautilus_reward,raw_gross,nau_gross,raw_dd,nau_dd,reward_delta
2023-04-03 00:00:00+00:00,-0.09903539036322627,-0.1,0.0010396096367737417,0.0,0.0,0.0,0.0009646096367737361
2023-04-03 01:00:00+00:00,0.003968911890666171,0.0,0.003968911890666171,0.0,0.0,0.0,0.003968911890666171
2023-04-03 02:00:00+00:00,0.0003687665016607333,0.0,0.0003687665016607333,0.0,0.0,0.0,0.0003687665016607333
2023-04-03 03:00:00+00:00,-0.001152820439250368,0.0,-0.00038427347975011905,0.0,0.0003842734797501245,0.0,-0.001152820439250368
2023-04-03 04:00:00+00:00,-0.002673323181479177,0.0,-0.0006350881056704782,0.0,0.0010191175379043495,0.0,-0.002673323181479177
2023-04-03 05:00:00+00:00,-0.0034499613032618983,0.0,-0.00047089534095134944,0.0,0.0014895329811552744,0.0,-0.0034499613032618983
2023-04-03 06:00:00+00:00,-0.013850031494326094,0.0,-0.003627257123416161,0.0,0.005111387185454967,0.0,-0.013850031494326094
2023-04-03 07:00:00+00:00,-0.016136078479488142,-0.006049299030809657,-0.001977841043770079,-0.0018976990000000107,0.0070791187178590315,0.002040179812323861,-0.010086779448678484
2023-04-03 08:00:00+00:00,-0.014811423312862523,-0.004705403270720407,-0.000218761049340932,-0.00020863164607258134,0.0072963311317607955,0.002248385812323913,-0.010106020042142116
2023-04-03 09:00:00+00:00,-0.024159109739413202,-0.013655025691186455,-0.003204402747648105,-0.003057334066538703,0.010477353495882549,0.005298845812323876,-0.010504084048226748
2023-04-03 10:00:00+00:00,-0.0302633503279004,-0.01956596027148922,-0.0031247068844446613,-0.0030000206468414232,0.013569321721727869,0.008282969812323899,-0.010697390056411179
2023-04-03 11:00:00+00:00,-0.02770962284585965,-0.01711946438691658,-0.00019206391887216512,-0.00018553276226897412,0.013758779463493742,0.008466965812323802,-0.01059015845894307
2023-04-03 12:00:00+00:00,-0.022990237483129443,-0.012543335605524678,0.0015230776072218122,0.0014718400191230578,0.012256657545175628,0.007007587812323868,-0.010446901877604765
2023-04-03 13:00:00+00:00,-0.03963866633402005,-0.02863940815864178,-0.0050833200902487,-0.004897624533993851,0.017277673121885676,0.011870891812323965,-0.010999258175378272
2023-04-03 14:00:00+00:00,-0.037437292115529555,-0.02655652831509926,-0.0009718427447660272,-0.0009457326904515948,0.018232724685381764,0.012805397812323831,-0.010880763800430297
2023-04-03 15:00:00+00:00,-0.03504916511608289,-0.02422485886295068,0.0004779037431433819,0.00046595676169690836,0.017763534429613134,0.012345407812323794,-0.010824306253132205
2023-04-03 16:00:00+00:00,-0.03255796771112012,-0.02178809741753876,0.001001561227601977,0.0009756022071091873,0.01677976446936105,0.011381849812323973,-0.010769870293581361
2023-04-03 17:00:00+00:00,-0.029624516454363148,-0.018924327867053257,0.0013265098432773126,0.0012895757575946004,0.01547551314882023,0.010106951812323928,-0.010700188587309891
2023-04-03 18:00:00+00:00,-0.03506997279985729,-0.02422214894356674,-0.0013872949010607094,-0.0013451453189188864,0.01684133894939829,0.011438501812323927,-0.010847823856290548
2023-04-03 19:00:00+00:00,-0.03259180415910376,-0.021812515720793568,0.0003677535547411681,0.000357555903854259,0.016479778856922464,0.011085035812323913,-0.010779288438310192
2023-04-03 20:00:00+00:00,-0.03221641261706384,-0.021445430131137363,0.00025046679047224796,0.00024334549351037485,0.016233439703768043,0.010844387812323868,-0.010770982485926475
2023-04-03 22:00:00+00:00,-0.03403755836608999,-0.023219579464738842,-0.0005292877601448254,-0.000513983840091179,0.01675413530297258,0.011352797812323831,-0.010817978901351145
2023-04-03 23:00:00+00:00,-0.030395083967810967,-0.019668249843387078,0.0010494506380336333,0.0010201697812607922,0.0157222673029223,0.010344209812323936,-0.010726834124423889
2023-04-04 00:00:00+00:00,-0.024496123717567563,-0.01392341543927771,0.0023406707300159812,0.0022706601853700248,0.013418397223791772,0.008097037812323868,-0.010572708278289853
2023-04-04 01:00:00+00:00,-0.0307461537686581,-0.01998256830955142,-0.0013148821812989375,-0.0012696846849034888,0.014715635793679582,0.009356441812323965,-0.010763585459106682
2023-04-04 02:00:00+00:00,-0.025411973506027793,-0.01480765950815051,0.001353039922250554,0.0013099121164973175,0.013382506714139174,0.008058785812323914,-0.010604313997877283
2023-04-04 03:00:00+00:00,-0.029139939822159025,-0.01841889497408019,-0.0007987684810002449,-0.0007712513494324825,0.01417058567057939,0.008823821812323853,-0.010721044848078835
2023-04-04 04:00:00+00:00,-0.026945127792177104,-0.016292716831869374,0.00046978594430768794,0.0004543147927782301,0.013707456868242396,0.008373515812323802,-0.01065241096030773
2023-04-04 05:00:00+00:00,-0.031550733932363226,-0.020757293791665393,-0.001391321047458094,-0.001344258167017508,0.015079706442452564,0.009706517812323942,-0.010793440140697833
2023-04-04 06:00:00+00:00,-0.03111416337747024,-0.020341366808766165,-0.0003214820676595842,-0.0003114591841183975,0.015396340654905328,0.010014953812323884,-0.010772796568704075
2023-04-04 07:00:00+00:00,-0.02856062824203183,-0.017858235162337272,0.0007517336542075537,0.0007287564623104795,0.014656180948119692,0.009293495812323875,-0.010702393079694558
2023-04-04 08:00:00+00:00,-0.032777122962494694,-0.021952989928482443,-0.001166316182763305,-0.0011289943038347813,0.015805403389865694,0.01041199781232383,-0.010824133034012251
2023-04-04 09:00:00+00:00,-0.03036830498041524,-0.01961410916174858,0.000418577793691588,0.00040611446289919994,0.015393441387053414,0.01001011181232389,-0.01075419581866666
2023-04-04 10:00:00+00:00,-0.030532217219105637,-0.019772449320849806,8.576870199161757e-05,8.31463037978576e-05,0.015308992960548627,0.009927797812323832,-0.01075976789825583
2023-04-04 11:00:00+00:00,-0.03297023275538203,-0.02214380035389293,-0.000792167132127819,-0.0007678167292449982,0.016089032811627105,0.010687991812323966,-0.0108264324014891
2023-04-04 12:00:00+00:00,-0.04537969051240376,-0.034238425039032155,-0.004448253696164528,-0.004318249414384416,0.020465718408119615,0.014960087812323868,-0.011141265473371603
2023-04-04 13:00:00+00:00,-0.07612750072925116,-0.06451669993828858,-0.011894304968433467,-0.01164834831364068,0.03211659788040885,0.026434175812323952,-0.011610800790962578
2023-04-04 14:00:00+00:00,-0.07027657991484247,-0.05895120149577582,-0.002058536851530013,-0.0020639898711281453,0.03410902153165623,0.028443605812323837,-0.011325378419066653
2023-04-04 15:00:00+00:00,-0.06895819230905378,-0.05763526718018198,-0.0002524571256024011,-0.0002541715555343158,0.03435286759172569,0.02869054781232383,-0.011322925128871807
2023-04-04 16:00:00+00:00,-0.06515015432325233,-0.05378571868297814,0.0012129730211243306,0.0012218289416694712,0.03318156367218833,0.027503773812323808,-0.011364435640274187
2023-04-04 17:00:00+00:00,-0.07063812929783624,-0.05931991756399557,-0.001457236235781867,-0.0014643059393478967,0.034590446531027184,0.028927805812323838,-0.011318211733840663
2023-04-04 18:00:00+00:00,-0.0700552904563453,-0.05874022533978089,-0.0002983457396674716,-0.0003006697151330836,0.034878472358338915,0.029219777812323905,-0.01131506511656441
2023-04-04 19:00:00+00:00,-0.0670422912373392,-0.055691540414413036,0.0009264260432062521,0.0009342032102346689,0.03398435864027272,0.028312871812323854,-0.011350750822926158
2023-04-04 20:00:00+00:00,-0.06874241499633926,-0.05740749746217562,-0.0002638777152050853,-0.00026559783752767055,0.03423926864056709,0.028570949812323974,-0.011334917534163644
2023-04-04 22:00:00+00:00,-0.07043297391486499,-0.05911773617610758,-0.000666697023571583,-0.0006714005514596917,0.0348831384456467,0.029223167812323942,-0.011315237738757408
2023-04-04 23:00:00+00:00,-0.06628638384333069,-0.054923647112845905,0.0011875820759686961,0.001197560511801858,0.03373698295964969,0.02806060381232388,-0.011362736730484782
2023-04-05 00:00:00+00:00,-0.06900459523932986,-0.057666979688283465,-0.0005219490985730602,-0.0005250800636355154,0.0342413230703784,0.028570949812323974,-0.011337615551046398
2023-04-05 01:00:00+00:00,-0.07348408165217479,-0.062198102130826896,-0.001706091046956848,-0.001718126506179164,0.03588899530260897,0.030239987812323867,-0.011285979521347897
2023-04-05 02:00:00+00:00,-0.07050475938644622,-0.05918840069006118,0.0004348137588908729,0.00043938293458674956,0.03546978657266855,0.029813891812323964,-0.011316358696385045
2023-04-05 03:00:00+00:00,-0.07126245428583061,-0.0599550297352198,-0.00011023369048079878,-0.00011129411057191762,0.03557611029767491,0.029921867812323942,-0.01130742455061081
2023-04-05 04:00:00+00:00,-0.07252747175239595,-0.061237893925072215,-0.00046955364724543536,-0.0004741783004246292,0.036028959052575256,0.030381857812323793,-0.011289577827323732
2023-04-05 05:00:00+00:00,-0.07231394965447184,-0.06102351305990188,-8.74441987444019e-05,-8.838943525409848e-05,0.03611325272786372,0.03046756181232389,-0.011290436594569964
2023-04-05 06:00:00+00:00,-0.07367280162583072,-0.06240293961211603,-0.0004939918244353247,-0.0004994159874682517,0.036589404900697696,0.03095176181232389,-0.011269862013714688
2023-04-05 07:00:00+00:00,-0.07119900654484534,-0.05989227385070999,0.0006764346462914128,0.0006845417739375991,0.03593772059556838,0.030288407812323795,-0.011306732694135353
2023-04-05 08:00:00+00:00,-0.07259880820246084,-0.06131067748488566,-0.0002470410656363331,-0.00024966186023807417,0.036175883568412254,0.030530507812323793,-0.01128813071757518
2023-04-05 09:00:00+00:00,-0.06909794893689308,-0.05775835669383113,0.0011114102313956042,0.0011237589308164607,0.035104679584144344,0.029441057812323795,-0.011339592243061955
2023-04-05 10:00:00+00:00,-0.07119454990600625,-0.05987987131783123,-0.00033626660007279874,-0.00033924369318353486,0.03542914165296673,0.029770313812323847,-0.011314678588175024
2023-04-05 11:00:00+00:00,-0.08328214127573128,-0.07213140942306295,-0.0042414670136956545,-0.0042819097984150055,0.03952033713101781,0.033924749812323976,-0.011150731852668322
2023-04-05 12:00:00+00:00,-0.06630556105651124,-0.054833222323840046,0.004359907751302572,0.0044391573008075984,0.035332734403906906,0.029636189812323823,-0.011472338732671193
2023-04-05 13:00:00+00:00,-0.06492587282722116,-0.05345712237798167,0.001959351490748551,0.001977489246666008,0.03344261215898486,0.027717305812323838,-0.011468750449239493
2023-04-05 14:00:00+00:00,-0.0711469075941647,-0.05973557071589033,-0.0014529548286101868,-0.0014606430912426378,0.034846976382777256,0.029137463812323846,-0.011411336878274371
2023-04-05 15:00:00+00:00,-0.06924025481633658,-0.057815717195775676,0.00015482954404921756,0.00015610242887218988,0.0346975421801929,0.028985909812323934,-0.011424537620560907
2023-04-05 16:00:00+00:00,-0.06888762407166875,-0.057458350746320705,0.00017315888812208247,0.00017452887832694258,0.034530391479895416,0.028816439812323822,-0.011429273325348044
2023-04-05 17:00:00+00:00,-0.07201795090774747,-0.06062402578810953,-0.001008948916703556,-0.0010165781634619078,0.03550450099552196,0.02980372381232381,-0.011393925119637945
2023-04-05 18:00:00+00:00,-0.0680712571214326,-0.056629941721108246,0.0010029886987049652,0.0010126219035393902,0.03453712291006878,0.028821281812323817,-0.01144131540032435
2023-04-05 19:00:00+00:00,-0.06801553468511196,-0.05657167595574701,0.00036122072813193906,0.00036395566890059166,0.03418837770662195,0.028467815812323802,-0.011443858729364945
2023-04-05 20:00:00+00:00,-0.06845366681633314,-0.05701336957203707,-2.6235091167059466e-05,-2.641394738925812e-05,0.03421371586258304,0.028493477812323906,-0.011440297244296065
2023-04-05 22:00:00+00:00,-0.06830699080743353,-0.056865212944051835,4.1084064926755204e-05,4.13666805958081e-05,0.034174037436180145,0.028453289812323822,-0.0114417778633817
2023-04-05 23:00:00+00:00,-0.06366507087893117,-0.052173276918331374,0.001597394272249919,0.0016082747063165274,0.032631232575590544,0.02689077581232395,-0.011491793960599794
2023-04-06 00:00:00+00:00,-0.05885589768805663,-0.04732684208849571,0.0021830120707726497,0.0021908455361521273,0.03051945487941464,0.02475884381232392,-0.011529055599560918
2023-04-06 01:00:00+00:00,-0.058643971937625564,-0.04711526378967703,0.0008148926602519202,0.000814247834970643,0.029729432298938742,0.023964755812323837,-0.011528708147948534
2023-04-06 02:00:00+00:00,-0.059999917323205594,-0.048471372422630284,-0.0001839976726780712,-0.00018355279798241422,0.02990795982526376,0.024143909812323935,-0.01152854490057531
2023-04-06 03:00:00+00:00,-0.06316357475515097,-0.05164170717971749,-0.0011385869092337408,-0.0011362515550696855,0.031012493922958618,0.025252727812323905,-0.011521867575433477
2023-04-06 04:00:00+00:00,-0.0649417256798956,-0.0534342793750404,-0.0009927714912183472,-0.0009929917503925614,0.03197447709433863,0.026220643812323922,-0.011507446304855201
2023-04-06 05:00:00+00:00,-0.06113898607699669,-0.04961407151438985,0.0009570569679602237,0.0009591721102578533,0.03104802152247846,0.025286621812323853,-0.01152491456260684
2023-04-06 06:00:00+00:00,-0.06593762284192148,-0.05443101182296779,-0.0013075920293004195,-0.0013079721983199964,0.03231501540631053,0.026561519812323898,-0.011506611018953686
2023-04-06 07:00:00+00:00,-0.06608588118950094,-0.054588851643850744,-0.0004959682739014148,-0.0004974120192029471,0.032794956457799763,0.0270457198123239,-0.011497029545650198
2023-04-06 08:00:00+00:00,-0.0688003317426384,-0.05732703489256407,-0.0010940593617672079,-0.0010983352679161278,0.0338531361904356,0.028114349812323972,-0.011473296850074331
2023-04-06 09:00:00+00:00,-0.06879528372581395,-0.05732865469397619,-0.00037138549071169535,-0.0003736550693282424,0.03421194911755113,0.028477499812323972,-0.01146662903183776
2023-04-06 10:00:00+00:00,-0.06584090312758092,-0.05434410810926463,0.0008810943389688797,0.0008871395153829881,0.0333609987332749,0.027615623812323808,-0.011496795018316297
2023-04-06 11:00:00+00:00,-0.05851117040780704,-0.04694636315280927,0.0027991983888506766,0.002813424471838568,0.030655184398328858,0.02487989381232392,-0.01156480725499777
2023-04-06 12:00:00+00:00,-0.047751240223568726,-0.03615475600376465,0.004614004973208741,0.00461149962088316,0.026182622598388734,0.020383127812323907,-0.011596484219804075
2023-04-06 13:00:00+00:00,-0.06457657181894828,-0.05290645702742826,-0.0041427543226895125,-0.00410248140278052,0.030216908748129385,0.024401987812323868,-0.011670114791520025
2023-04-06 14:00:00+00:00,-0.059348172877067576,-0.047715697185715326,0.00036932137321932235,0.0003687584389324848,0.02985874712514345,0.024042227812323905,-0.01163247569135225
2023-04-06 15:00:00+00:00,-0.06046314470635705,-0.04883136491635325,-0.000253598235751884,-0.0002530252917054548,0.030104773235302584,0.0242891698123239,-0.0116317797900038
2023-04-06 16:00:00+00:00,-0.057798163170376844,-0.04616166120500747,0.0008202568646800135,0.0008188184196401733,0.02930921001752843,0.023490239812323822,-0.011636501965369375
2023-04-06 17:00:00+00:00,-0.057462305747550894,-0.04582372403760901,0.00039305144744927745,0.00039171958703869354,0.028927678597500086,0.023107721812323852,-0.011638581709941885
2023-04-06 18:00:00+00:00,-0.05378874328443212,-0.042149765459292526,0.0013821937410564145,0.0013764301653551398,0.027585468512744266,0.021763097812323832,-0.01163897782513959
2023-04-06 19:00:00+00:00,-0.05535880977740426,-0.04371350846577863,-6.37975067137031e-05,-6.335684113072709e-05,0.02764750613534528,0.02182507581232395,-0.011645301311625632
2023-04-06 20:00:00+00:00,-0.043097785315063246,-0.031487805834794054,0.004142087919317361,0.004113973789853595,0.023619936617190303,0.017800889812323823,-0.011609979480269192
2023-04-10 00:00:00+00:00,-0.045422258094528954,-0.03380428788167634,0.0006155647806862508,0.0006063597429712755,0.023018911437607602,0.017205323812323807,-0.011617970212852616
2023-04-10 01:00:00+00:00,-0.03729546698140416,-0.025775684555207738,0.002959535488135545,0.002911719069440116,0.020127501234769852,0.014343701812323927,-0.011519782426196421
2023-04-10 02:00:00+00:00,-0.03998742466436122,-0.02842466729239288,9.040569555884836e-05,8.842433225486986e-05,0.020038915179960034,0.014256545812323876,-0.011562757371968338
2023-04-10 03:00:00+00:00,-0.04190655347430507,-0.030308403137552387,-0.0006178281081652415,-0.000604179512904607,0.020644362683069913,0.01485211181232389,-0.01159815033675268
2023-04-10 04:00:00+00:00,-0.04476418908243723,-0.03312038918036553,-0.0011746545687285614,-0.001150109555717877,0.021794767256854333,0.015985139812323825,-0.011643799902071698
2023-04-10 05:00:00+00:00,-0.04557587638526086,-0.03392730371577242,-0.0006718762143285151,-0.0006593680911245299,0.022452000085466172,0.016633967812323944,-0.01164857266948844
2023-04-10 06:00:00+00:00,-0.04721239707522818,-0.03554530847124566,-0.0007811580078715963,-0.0007676368465978323,0.023215619533678292,0.01738883581232391,-0.011667088603982523
2023-04-10 07:00:00+00:00,-0.046373567022962914,-0.0347206854428398,1.9526223718480118e-05,1.921818180805679e-05,0.023196546623340697,0.01736995181232393,-0.011652881580123113
2023-04-10 08:00:00+00:00,-0.051182985860854825,-0.03947259888871495,-0.0016217095793016334,-0.0015960472640670585,0.024780638140776596,0.01893827581232395,-0.011710386972139872
2023-04-10 09:00:00+00:00,-0.05146529514486579,-0.03976392450463601,-0.0006453341491237108,-0.0006371688799882014,0.025409980497871038,0.019563377812323906,-0.011701370640229775
2023-04-10 10:00:00+00:00,-0.05023507661615189,-0.038546235957043394,0.00019832101528383106,0.00019606366760455067,0.02521669881571786,0.019371149812323973,-0.011688840659108496
2023-04-10 11:00:00+00:00,-0.03269981461073241,-0.02114807249733481,0.006012267363775803,0.005941471127312895,0.019356040987254106,0.013544771812323853,-0.0115517421133976
2023-04-10 12:00:00+00:00,-0.03671742244065749,-0.025134150728476724,0.0006735783851712362,0.0006577368961711168,0.018695500412914363,0.01289594381232392,-0.011583271712180765
2023-04-10 13:00:00+00:00,-0.03645216239014709,-0.024872764375016072,0.00031689582929883553,0.00030903124963159066,0.018384529109722964,0.012590897812323832,-0.011579398015131019
2023-04-10 14:00:00+00:00,-0.03851353415760803,-0.026888561499602455,-0.0005887073847554714,-0.0005737378749546738,0.01896241338642628,0.013157411812323891,-0.011624972658005578
2023-04-10 15:00:00+00:00,-0.039384582462108915,-0.027744698269340982,-0.0004928152068692793,-0.0004808426446931699,0.019445883627619818,0.013631927812323906,-0.011639884192767933
2023-04-10 16:00:00+00:00,-0.03787970496077333,-0.026271537199557535,0.00034178497201642344,0.00033380642509017126,0.019110744966394876,0.013302671812323853,-0.011608167761215794
2023-04-10 17:00:00+00:00,-0.04042546564513954,-0.02876485305494773,-0.0007441392747156161,-0.0007262774302999937,0.019840663185211962,0.014019287812323868,-0.01166061259019181
2023-04-10 18:00:00+00:00,-0.04123261364158706,-0.02956081631352252,-0.0005240271207900271,-0.0005122006888749337,0.020354293260398518,0.014524307812323793,-0.011671797328064542
2023-04-10 19:00:00+00:00,-0.040050272062225126,-0.028401954243752615,0.00022245678663934676,0.00021766138089497405,0.020136364424432236,0.014309807812323794,-0.01164831781847251
2023-04-10 20:00:00+00:00,-0.04057450595384387,-0.028915918583788672,-0.00010196111916149775,-9.97189591407276e-05,0.020236272417341186,0.014408099812323973,-0.011658587370055196
2023-04-10 22:00:00+00:00,-0.04213278082169077,-0.030446662192871645,-0.0005609800929911035,-0.0005487585682237917,0.020785900364349835,0.014948951812323927,-0.011686118628819128
2023-04-10 23:00:00+00:00,-0.0428340079889328,-0.0311388595345512,-0.00042664792762048265,-0.00041781590990349514,0.021203680030656157,0.015360521812323853,-0.011695148454381597
2023-04-11 00:00:00+00:00,-0.0394098876836765,-0.027771533369266868,0.0010134838507368515,0.000993342255380866,0.020211685767206677,0.014382437812323868,-0.011638354314409634
2023-04-11 01:00:00+00:00,-0.05027819739579538,-0.03844245853207313,-0.003329809326981792,-0.003257090907425218,0.023474194034406794,0.017592683812323956,-0.011835738863722252
2023-04-11 02:00:00+00:00,-0.04656849070291383,-0.03480981918687303,0.00012864569124526604,0.00012666843777481052,0.023348568197079547,0.01746824381232392,-0.011758671516040799
2023-04-11 03:00:00+00:00,-0.049915865378442954,-0.038117540337667365,-0.0010898743315319592,-0.0010728447130197013,0.024412995523455498,0.01852234781232383,-0.01179832504077559
2023-04-11 04:00:00+00:00,-0.04780766035177677,-0.03603609656070129,0.0003450595227677544,0.0003404030639466592,0.024076359937272262,0.018188249812323972,-0.011771563791075482
2023-04-11 05:00:00+00:00,-0.048462824318007296,-0.03668342930307876,-0.00010505436563423842,-0.00010356567843113178,0.02417888497618653,0.018289931812323815,-0.011779395014928536
2023-04-11 06:00:00+00:00,-0.0525360672555282,-0.040716250992549524,-0.0014155839283704896,-0.0013958153679016413,0.025560241663578856,0.01966021781232394,-0.011819816262978677
2023-04-11 07:00:00+00:00,-0.05468947294951026,-0.04286361187732113,-0.0012102866875955964,-0.0011967442526732172,0.02673959313095733,0.020833433812323957,-0.01182586107218913
2023-04-11 08:00:00+00:00,-0.05343508608749441,-0.0416229805592953,1.4966863364662686e-05,1.4835065352282184e-05,0.026725026475429535,0.020818907812323793,-0.011812105528199106
2023-04-11 09:00:00+00:00,-0.05337214070628847,-0.04156028401075012,2.6441854362180273e-05,2.6207613897633857e-05,0.026699291280325325,0.020793245812323877,-0.011811856695538352
2023-04-11 10:00:00+00:00,-0.04757695923080495,-0.0357934793665807,0.0019757077748591145,0.0019581482580669904,0.02477633350283203,0.018875813812323845,-0.011783479864224247
2023-04-11 11:00:00+00:00,-0.04673553210112373,-0.0349593690066214,0.000954816197881958,0.0009426146180265242,0.023845174149502844,0.017950991812323965,-0.011776163094502329
2023-04-11 12:00:00+00:00,-0.05194491830708652,-0.04011096178457817,-0.001441098837863919,-0.0014199861599304277,0.025251909734611302,0.01934548781232387,-0.011833956522508356
2023-04-11 13:00:00+00:00,-0.05190830286174673,-0.04008440454568275,-0.0004761773898183108,-0.00047054492103502655,0.02571606273596421,0.019806929812323862,-0.01182389831606398
2023-04-11 14:00:00+00:00,-0.05403418241536145,-0.042197894517150836,-0.0008824816162149585,-0.0008728708925030583,0.026575850399573244,0.02066251181232389,-0.011836287898210611
2023-04-11 15:00:00+00:00,-0.0560528555435162,-0.0442111575310617,-0.0009844940932848267,-0.0009754819064139644,0.027534180725115688,0.02161783781232387,-0.0118416980124545
2023-04-11 16:00:00+00:00,-0.05418754554596138,-0.042357696441547577,0.0002990955351017677,0.00029693918310031196,0.027243320540531572,0.021327317812323943,-0.0118298491044138
2023-04-11 17:00:00+00:00,-0.052984103909232076,-0.041157833220667336,0.0005101104591094252,0.0005061304039802943,0.02674710718417075,0.020831981812323815,-0.01182627068856474
2023-04-11 18:00:00+00:00,-0.05284741414100562,-0.041020286988799344,0.0002195143245569131,0.0002175806358485697,0.026533464232781266,0.020618933812323957,-0.011827127152206275
2023-04-11 19:00:00+00:00,-0.0516258027035916,-0.039804329627562286,0.0004890256164591378,0.00048450599708559685,0.02605741416002537,0.020144417812323942,-0.011821473076029314
2023-04-11 20:00:00+00:00,-0.053134738117567235,-0.04130238404878283,-0.00034598016480247296,-0.00034244842413494627,0.02639437897638238,0.020479967812323942,-0.011832354068784405
2023-04-11 22:00:00+00:00,-0.05413756037157074,-0.04230125510142144,-0.00045765379812712226,-0.00045329547677371577,0.02683995328672181,0.02092397981232386,-0.011836305270149304
2023-04-11 23:00:00+00:00,-0.054885116789175396,-0.04304757691125382,-0.0004090561030420936,-0.0004055292866062021,0.02723803034306665,0.02132102381232381,-0.011837539877921577
2023-04-12 00:00:00+00:00,-0.06795937466185467,-0.05607375127252273,-0.004577560479397169,-0.004541791647875009,0.03169090709122875,0.025765979812323862,-0.01188562338933194
2023-04-12 01:00:00+00:00,-0.06370249878019955,-0.0518543489099988,-0.00010920200633868227,-0.00010934128535103055,0.031796648386930436,0.025872503812323883,-0.011848149870200754
2023-04-12 02:00:00+00:00,-0.06685640000986973,-0.0550261735991869,-0.0011112572493530148,-0.0011129179745390887,0.032872571380258356,0.026956627812323906,-0.011830226410682827
2023-04-12 03:00:00+00:00,-0.07029983532906733,-0.0585033448382801,-0.001552248454940175,-0.0015580292136325074,0.03437379343706358,0.028472657812323793,-0.011796490490787237
2023-04-12 04:00:00+00:00,-0.06570490738846818,-0.053869454123893774,0.0010380134689301768,0.0010451255007538688,0.03337146042869918,0.027457289812323822,-0.011835453264574407
2023-04-12 05:00:00+00:00,-0.06301768023903598,-0.05115653100761371,0.0012700014072586363,0.0012760406170341128,0.03214384082314731,0.026216285812323912,-0.011861149231422265
2023-04-12 06:00:00+00:00,-0.060471559320032016,-0.04859260616268046,0.0012998965540338414,0.0013027574619671658,0.03088572793703293,0.024947681812323815,-0.011878953157351553
2023-04-12 07:00:00+00:00,-0.056034909217625405,-0.04413795788500449,0.0019523827266292315,0.0019515937396434129,0.028993645972127318,0.02304477581232395,-0.011896951332620913
2023-04-12 08:00:00+00:00,-0.06057931556465138,-0.048680869654926996,-0.000881037533692286,-0.0008772500302791219,0.02984913901547955,0.023901809812323937,-0.011898445909724387
2023-04-12 09:00:00+00:00,-0.056773717754676885,-0.04487470632115552,0.0009946463162030517,0.0009921133034923506,0.028884182035439968,0.022933409812323936,-0.011899011433521366
2023-04-12 10:00:00+00:00,-0.05614255064029851,-0.044241818480062395,0.0005525783254886063,0.0005500771445852713,0.028347564482893557,0.022395947812323833,-0.011900732160236113
2023-04-12 11:00:00+00:00,-0.07795272582879174,-0.06601543754182637,-0.00722235643076119,-0.007181741917178713,0.03536518469901528,0.029416847812323833,-0.011937288286965372
2023-04-12 12:00:00+00:00,-0.0497837857491486,-0.037616894208931384,0.007150787155287275,0.00721373741571622,0.028467286452217938,0.0224153158123238,-0.012166891540217217
2023-04-12 13:00:00+00:00,-0.05574719982438758,-0.043645032714023806,0.0004034477348401344,0.00040119491062388674,0.02807532377961386,0.022023113812323847,-0.012102167110363778
2023-04-12 14:00:00+00:00,-0.054390397608219405,-0.04229002315380758,0.0005979415860899451,0.000594124470840034,0.027494169597154675,0.021442073812323808,-0.012100374454411825
2023-04-12 15:00:00+00:00,-0.058042469954860405,-0.04592762389865931,-0.0010370521791807086,-0.0010292042740114391,0.02850270888783985,0.022449209812323935,-0.012114846056201098
2023-04-12 16:00:00+00:00,-0.06225153851679252,-0.05013707243462752,-0.0017825791365024823,-0.001772748809979738,0.03023447969014502,0.02418216181232389,-0.012114466082165001
2023-04-12 17:00:00+00:00,-0.0667255382573458,-0.05463427206040755,-0.0021284275588859813,-0.002124228435759847,0.03229855534922991,0.026255021812323854,-0.012091266196938247
2023-04-12 18:00:00+00:00,-0.061567956957189945,-0.049461480282910274,0.0010319379844960785,0.0010342913417375576,0.03129994747084301,0.025247885812323914,-0.012106476674279672
2023-04-12 19:00:00+00:00,-0.06419000895180912,-0.052092776052733186,-0.0005413338167261639,-0.0005414484280854979,0.03182433756754148,0.025775663812323844,-0.012097232899075938
2023-04-12 20:00:00+00:00,-0.0641777513850866,-0.05208326992294779,-0.00018018152171483948,-0.0001804142982999761,0.031998784931685884,0.025951427812323905,-0.012094481462138817
2023-04-12 22:00:00+00:00,-0.06848098844618448,-0.05641220237722863,-0.0015270486620830859,-0.0015295787525808516,0.0334769698920507,0.02744131181232389,-0.012068786068955853
2023-04-12 23:00:00+00:00,-0.06647432173230877,-0.05439875716926886,0.0001635221684030963,0.00016429445537903236,0.033318921950355934,0.02728152581232395,-0.01207556456303991
2023-04-13 00:00:00+00:00,-0.06675414649221277,-0.05468034604092531,-3.964822115776201e-05,-3.98224162775248e-05,0.033357249135527504,0.02732026181232389,-0.012073800451287461
2023-04-13 01:00:00+00:00,-0.06664181393267772,-0.05456721362329441,2.4779155774146133e-05,2.4890001353448045e-05,0.033333296544225934,0.02729605181232393,-0.012074600309383308
2023-04-13 02:00:00+00:00,-0.06609963194129928,-0.05402029044616505,0.00019328220440839594,0.00019413717848264255,0.03314645707285384,0.027107213812323845,-0.012079341495134233
2023-04-13 03:00:00+00:00,-0.06765987417599605,-0.05559255318044453,-0.00046594973195501765,-0.00046782955579675173,0.033596962222020514,0.02756236181232389,-0.012067320995551516
2023-04-13 04:00:00+00:00,-0.06274747177105688,-0.05063777230597631,0.0015161086544535074,0.0015236473186715578,0.032131790212755196,0.026080709812323934,-0.012109699465080573
2023-04-13 05:00:00+00:00,-0.07176584070433643,-0.05970908686282789,-0.002555495183015566,-0.002560407238180241,0.034605172760660434,0.028574339812323823,-0.012056753841508547
2023-04-13 06:00:00+00:00,-0.07495902557007293,-0.06296177530914512,-0.001961478211159662,-0.0019753276844975075,0.036498773679456635,0.03049322381232381,-0.011997250260927808
2023-04-13 07:00:00+00:00,-0.076062807502819,-0.06409824554258582,-0.0010472352495434212,-0.0010587899179380126,0.03750778612663779,0.03151972781232391,-0.011964561960233183
2023-04-13 08:00:00+00:00,-0.07502567583639998,-0.06304973595407884,-3.454234842603654e-06,-3.5003294309544024e-06,0.03751111080077869,0.03152311781232394,-0.011975939882321138
2023-04-13 09:00:00+00:00,-0.07515212406913331,-0.06317838805233893,-4.441143742539566e-05,-4.499642769117559e-05,0.03755385631585396,0.031566695812323874,-0.011973736016794384
2023-04-13 10:00:00+00:00,-0.0778787612091234,-0.06595268661047955,-0.000947401922929858,-0.0009599669858316817,0.03846567964309677,0.03249635981232393,-0.011926074598643852
2023-04-13 11:00:00+00:00,-0.10059240546062204,-0.08911145391547007,-0.008094591363632997,-0.008217606290822457,0.04624890704849452,0.04044692381232381,-0.011480951545151968
2023-04-13 12:00:00+00:00,-0.09463052407498555,-0.08310336250306748,-0.0007335196473237104,-0.0007569148784198625,0.04694850221383092,0.04117322381232381,-0.011527161571918076
2023-04-13 13:00:00+00:00,-0.07635900688788255,-0.06415005451012372,0.0060348850562074174,0.006236653114524051,0.041196945972044985,0.035193353812323885,-0.012208952377758833
2023-04-13 14:00:00+00:00,-0.08917840532042633,-0.07734104789913444,-0.002325369883756201,-0.0023738082744866455,0.04342651771833506,0.0374836198123239,-0.011837357421291883
2023-04-13 15:00:00+00:00,-0.08863908944632985,-0.07680656009197531,-0.0006131012377288414,-0.0006288204673275123,0.044012994104300505,0.0380888698123239,-0.01183252935435454
2023-04-13 16:00:00+00:00,-0.09314033646919449,-0.08145110011967407,-0.0017563165879517229,-0.0018035844950264855,0.045692009940621385,0.03982375781232379,-0.011689236349520418
2023-04-13 17:00:00+00:00,-0.08363728620705481,-0.07163170703201334,0.0026633745145935306,0.0027448085926342516,0.04315033036082417,0.037188257812323794,-0.01200557917504147
2023-04-13 18:00:00+00:00,-0.08957860017571022,-0.07775020940471845,-0.0011250095059134324,-0.0011531537800706342,0.04422679533489839,0.03829852781232391,-0.011828390770991765
2023-04-13 19:00:00+00:00,-0.08702671036443518,-0.07512517298060178,0.0004900764421233994,0.0005034826440460189,0.04375839340327929,0.037814327812323904,-0.0119015373838334
2023-04-13 20:00:00+00:00,-0.08805372956804261,-0.07618199066417958,-0.00018435909228653458,-0.00018921503953184162,0.04393468523787804,0.03799638781232387,-0.011871738903863033
2023-04-13 22:00:00+00:00,-0.08758527744095305,-0.07569990183858018,9.755504506658852e-05,0.00010016178606744584,0.04384141624300982,0.03790003181232381,-0.011885375602372877
2023-04-13 23:00:00+00:00,-0.09076695377094522,-0.07897887969052694,-0.0010589922414110386,-0.0010870720658791764,0.04485398076476709,0.038945903812323886,-0.011788074080418279
2023-04-14 00:00:00+00:00,-0.09549480800644843,-0.08386902811305154,-0.0019884074864031653,-0.0020455164884038545,0.04675320026002263,0.04091175581232384,-0.011625779893396887
2023-04-14 01:00:00+00:00,-0.09363425870629283,-0.08195610452814893,-4.399052737302789e-05,-4.5436903501021107e-05,0.0467951340894599,0.040955333812323955,-0.011678154178143899
2023-04-14 02:00:00+00:00,-0.09216972514863321,-0.08043739020123784,0.000488762136574783,0.0005048774234100653,0.046329243642604,0.04047113381232396,-0.011732334947395368
2023-04-14 03:00:00+00:00,-0.09001413771117721,-0.07820244549411064,0.0009095421237808043,0.0009385981305370671,0.045461839917479006,0.03957052181232385,-0.011811692217066572
2023-04-14 04:00:00+00:00,-0.09022599986095711,-0.07841949439067437,0.00023982869379013394,0.0002470332339733175,0.04523291427737362,0.03933326381232385,-0.011806505470282738
2023-04-14 05:00:00+00:00,-0.08845742118792066,-0.07659040845053999,0.0006902848526535443,0.0007106751741079375,0.0445738530202871,0.03865054181232397,-0.011867012737380667
2023-04-14 06:00:00+00:00,-0.08609599742977776,-0.0741508602392095,0.001048390059890436,0.0010778473854382677,0.0435721937448341,0.037614353812323885,-0.011945137190568264
2023-04-14 07:00:00+00:00,-0.08216316918791863,-0.07009749913433386,0.001710080747001741,0.0017543964903138152,0.04193662496746019,0.03592594781232383,-0.012065670053584776
2023-04-14 08:00:00+00:00,-0.08806636812301118,-0.07615647119547819,-0.0014379066986704991,-0.0014700675708303372,0.04331423071217034,0.03734320181232393,-0.011909896927532984
2023-04-14 09:00:00+00:00,-0.08606108623845125,-0.07410226275215515,0.00019474865405144648,0.00019968487249247383,0.04312791744625135,0.03715097381232381,-0.011958823486296108
2023-04-14 10:00:00+00:00,-0.07920353004880548,-0.06704411249315789,0.002420358289567659,0.0024807191314897125,0.04081194416918657,0.0347624158123238,-0.01215941755564759
2023-04-14 11:00:00+00:00,-0.06925104555520525,-0.05685310273630453,0.00423963269632277,0.004324120888343254,0.03674533912576401,0.03058861181232389,-0.012397942818900727
2023-04-14 12:00:00+00:00,-0.07157250882339614,-0.059229347236145986,0.0006554462047589915,0.0006628083885018192,0.036113977514077564,0.029946077812323904,-0.01234316158725015
2023-04-14 13:00:00+00:00,-0.03623509894991616,-0.023389848222471088,0.01229359920286588,0.01241529540217662,0.02426434907639102,0.017902571812323853,-0.012845250727445072
2023-04-14 14:00:00+00:00,-0.04436373958834403,-0.03168392106026586,0.0014111465565771475,0.0013903345643819518,0.02288744307246059,0.016537127812323905,-0.012679818528078174
2023-04-14 15:00:00+00:00,-0.05157806493293335,-0.038800363956063885,-0.001964365802997081,-0.0019299803314159565,0.024806849564968134,0.018435191812323965,-0.012777700976869463
2023-04-14 16:00:00+00:00,-0.055973451043188335,-0.04317028463076722,-0.0021555658360319363,-0.0021260970061193736,0.0269089426035782,0.02052209381232392,-0.012803166412421116
2023-04-14 17:00:00+00:00,-0.05746425028359254,-0.044671795210635135,-0.001237657732740871,-0.0012259755859872644,0.028113296275425834,0.021722909812323936,-0.012792455072957405
2023-04-14 18:00:00+00:00,-0.05462724599687181,-0.04185076617009836,0.0005432981186433983,0.0005394974545492714,0.027585272057757605,0.021195131812323815,-0.012776479826773456
2023-04-14 19:00:00+00:00,-0.052707677284681016,-0.03993666841437638,0.000836335980650027,0.0008295872102714316,0.02677200663266552,0.020383127812323907,-0.012771008870304634
2023-04-14 20:00:00+00:00,-0.05140715036418241,-0.03864099085421168,0.0007252315699840528,0.0007181807704361458,0.026066190967083232,0.019679585812323912,-0.012766159509970731
2023-04-17 00:00:00+00:00,-0.05369315588038111,-0.04090923097713446,-0.0005294586285522485,-0.0005235553524867192,0.02658184862591443,0.02019283781232387,-0.012783924903246646
2023-04-17 01:00:00+00:00,-0.054428872677162426,-0.04164349345615899,-0.0004293334598035603,-0.00042499383151104494,0.026999769608679433,0.02060924981232397,-0.012785379221003437
2023-04-17 02:00:00+00:00,-0.05474928296787291,-0.04196452200756881,-0.0002544954627450302,-0.00025213838292088446,0.02724739375256394,0.020856191812323965,-0.0127847609603041
2023-04-17 03:00:00+00:00,-0.054303757096854005,-0.04152220484728805,6.48548871898802e-05,6.428677735969947e-05,0.027184305992021943,0.020793245812323877,-0.012781552249565953
2023-04-17 04:00:00+00:00,-0.06445022533992287,-0.05162186134443017,-0.003422564478670065,-0.0033921457197825795,0.0305138304306264,0.024114857812323795,-0.012828363995492698
2023-04-17 05:00:00+00:00,-0.061144564800498874,-0.048346880820420136,-3.977714852543279e-05,-3.969319577229222e-05,0.03055239382598672,0.02415359381232392,-0.012797683980078738
2023-04-17 06:00:00+00:00,-0.06030112612872239,-0.04750166607137955,0.0002734570187716834,0.00027290155326835895,0.030287291573747037,0.023887283812323957,-0.012799460057342837
2023-04-17 07:00:00+00:00,-0.05918581031268015,-0.04638334081844232,0.00047246404921574836,0.00047124680620551975,0.02982913718094795,0.023427293812323922,-0.012802469494237828
2023-04-17 08:00:00+00:00,-0.060462931551147674,-0.04765990621463763,-0.0002736611130045308,-0.0002726985899898617,0.03009463521907157,0.023693603812323882,-0.012803025336510045
2023-04-17 09:00:00+00:00,-0.05610931762655782,-0.043301668716139705,0.0013878283967597715,0.001383702908508122,0.028748573011658795,0.022342685812323914,-0.012807648910418114
2023-04-17 10:00:00+00:00,-0.059651757349761386,-0.04683696000205908,-0.0007322376335274772,-0.0007280403774112067,0.029459759858116955,0.023054459812323937,-0.012814797347702307
2023-04-17 11:00:00+00:00,-0.046446737934107606,-0.033635414706060324,0.004240884214403717,0.004222736918587579,0.02534381107425566,0.01892907581232395,-0.012811323228047282
2023-04-17 12:00:00+00:00,-0.04381742468199072,-0.03104550050848454,0.002329423467691716,0.002299907116163224,0.02307342407484122,0.016672703812323882,-0.012771924173506182
2023-04-17 13:00:00+00:00,-0.03039955564519841,-0.017802391322894805,0.005331102019956568,0.005239240301752796,0.01786532883257749,0.0115208158123238,-0.012597164322303605
2023-04-17 14:00:00+00:00,-0.04264411808340629,-0.02979329854598355,-0.002332264588617239,-0.0022679749213357684,0.020155926747394526,0.013762661812323891,-0.012850819537422741
2023-04-17 15:00:00+00:00,-0.04267683742701576,-0.029845701053374602,-0.0007990652444309632,-0.0007806214287269551,0.020938886091292398,0.014532539812323823,-0.012831136373641156
2023-04-17 16:00:00+00:00,-0.04741845351207109,-0.0345099114072017,-0.0018730400243043288,-0.0018326997825540185,0.022772706743883382,0.01633860581232384,-0.012908542104869393
2023-04-17 17:00:00+00:00,-0.04587119432526637,-0.03299855298721075,-0.0001102676747806175,-0.00010829336256303077,0.022880463325242878,0.01644512981232386,-0.012872641338055622
2023-04-17 18:00:00+00:00,-0.04694536722084701,-0.03405881632023134,-0.0004009291533126902,-0.00039383669558369324,0.02327221903376716,0.016832489812323822,-0.012886550900615669
2023-04-17 19:00:00+00:00,-0.04362969531981203,-0.03078702665945511,0.0009868923661120466,0.0009702049651924909,0.022308293842962037,0.0158786158123238,-0.012842668660356917
2023-04-17 20:00:00+00:00,-0.04493225223569139,-0.03206829767258926,-0.00010681001607171225,-0.00010479804794131297,0.02241272110980984,0.015981749812323972,-0.012863954563102131
2023-04-17 22:00:00+00:00,-0.044080131930770455,-0.03122888802003394,0.00025220516564306017,0.00024750760461372573,0.022166168548206758,0.015738197812323832,-0.012851243910736516
2023-04-17 23:00:00+00:00,-0.04597774703611619,-0.03309737556099073,-0.0005566965326833095,-0.000546055936342862,0.02271052525171644,0.016275659812323935,-0.012880371475125461
2023-04-18 00:00:00+00:00,-0.04927160063397885,-0.036348908380035586,-0.0013032483465036382,-0.0012797487553878634,0.023984176143737605,0.017534579812323862,-0.012922692253943262
2023-04-18 01:00:00+00:00,-0.0519731308685838,-0.03902912483059086,-0.0013566177666868295,-0.0013356012059430747,0.025308256550948486,0.018846761812323892,-0.012944006037992943
2023-04-18 02:00:00+00:00,-0.0503216226729017,-0.03740114344588775,9.99837526401981e-05,9.870017875996001e-05,0.02521080321277095,0.018749921812323853,-0.012920479227013955
2023-04-18 03:00:00+00:00,-0.04760346040460808,-0.03470624469341693,0.0009554402849821786,0.0009429869312306704,0.02427945034479513,0.0178246158123238,-0.012897215711191151
2023-04-18 04:00:00+00:00,-0.051898487103027975,-0.03895342772754979,-0.00113151043882187,-0.0011146441029018619,0.025383488332103053,0.018919391812323966,-0.012945059375478185
2023-04-18 05:00:00+00:00,-0.049617048892950696,-0.03669847243082781,0.0003899073969931832,0.000384959193819797,0.02500347814497194,0.018541715812323802,-0.01291857646212289
2023-04-18 06:00:00+00:00,-0.05365517904246121,-0.040698331403847474,-0.0012366885950108042,-0.0012200477791995386,0.026209245223725204,0.019739141812323967,-0.012956847638613739
2023-04-18 07:00:00+00:00,-0.053856824860362994,-0.040907001535331736,-0.0004879710393932424,-0.00048258991068406284,0.026684426910484876,0.020212205812323837,-0.012949823325031258
2023-04-18 08:00:00+00:00,-0.0503091687836649,-0.03738222724813678,0.0010383671676288397,0.001027912376511016,0.02567376797564687,0.019205069812323897,-0.01292694153552812
2023-04-18 09:00:00+00:00,-0.05475141698062145,-0.04178754715404394,-0.0011543852898330265,-0.0011404035293962305,0.02679851584539421,0.020323571812323853,-0.01296386982657751
2023-04-18 10:00:00+00:00,-0.054145610118281645,-0.04119270833009583,-0.00018618581144314028,-0.0001843527054480212,0.026979712153419252,0.020504177812323904,-0.012952901788185818
2023-04-18 11:00:00+00:00,-0.050147027132756636,-0.03721548311298642,0.0012940749036306487,0.0012818125116612381,0.025720551018193642,0.01924864781232383,-0.012931544019770216
2023-04-18 12:00:00+00:00,-0.04837637066487235,-0.035456121140390776,0.0010393997466462412,0.001026902484257004,0.024707885205759294,0.01824151181232389,-0.012920249524481571
2023-04-18 13:00:00+00:00,-0.06413123870010057,-0.05105514225070631,-0.004987306629316013,-0.0049171706260584805,0.029571966035392278,0.023068985812323913,-0.01307609644939426
2023-04-18 14:00:00+00:00,-0.05800655328395746,-0.04500041557245552,0.00038675091896900327,0.00038510805219225724,0.02919665210146323,0.02269276181232389,-0.013006137711501935
2023-04-18 15:00:00+00:00,-0.056631212263482084,-0.0436245223465192,0.00059902363628761,0.0005960172781285944,0.028615117949884847,0.022110269812323897,-0.013006689916962882
2023-04-18 16:00:00+00:00,-0.05272898498074662,-0.03972744771710952,0.0015295966996585753,0.0015201039075383896,0.0271292908402026,0.02062377581232395,-0.013001537263637106
2023-04-18 17:00:00+00:00,-0.056037202443514095,-0.04301753517044654,-0.000603793921641449,-0.0005982195457989514,0.027716704260936323,0.021209657812323795,-0.013019667273067553
2023-04-18 18:00:00+00:00,-0.0536859391888823,-0.04067823584308132,0.0005934555319779822,0.0005886837815665498,0.02713969736043014,0.020633459812323934,-0.01300770334580098
2023-04-18 19:00:00+00:00,-0.05579781119242011,-0.04277799145929743,-0.0005154652036036822,-0.0005107158346496949,0.027641172994408214,0.021133637812323868,-0.013019819733122683
2023-04-18 20:00:00+00:00,-0.055649508976187555,-0.04263303908339553,-0.00012468529431708397,-0.00012366345874779516,0.027762411840935235,0.02125468781232387,-0.013016469892792024
2023-04-18 22:00:00+00:00,-0.05598001154155969,-0.04296294127872745,-0.00015459048979260537,-0.00015336165407980312,0.027912710525883542,0.021404789812323823,-0.01301707026283224
2023-04-18 23:00:00+00:00,-0.05827252887298994,-0.04524872065992162,-0.0008311694009996984,-0.0008248170352737633,0.02872067973599512,0.022211951812323927,-0.013023808213068325
2023-04-19 00:00:00+00:00,-0.05161128849846639,-0.03860316722006633,0.0019812930465432643,0.0019694084045814076,0.026796290772504828,0.020286287812323868,-0.013008121278400064
2023-04-19 01:00:00+00:00,-0.054764791926344834,-0.041738290367922745,-0.00039784395531761163,-0.00039389874327499673,0.02718347398551361,0.020672195812323876,-0.01302650155842209
2023-04-19 02:00:00+00:00,-0.05329398879095761,-0.0402765324677871,0.0003642541895468865,0.00036092715686062305,0.02682912149025225,0.02031872981232386,-0.013017456323170515
2023-04-19 03:00:00+00:00,-0.05430534941048011,-0.04128102227067161,-0.00021963047173123584,-0.00021746664602379444,0.027042859469374438,0.020531777812323907,-0.0130243271398085
2023-04-19 04:00:00+00:00,-0.048954859977470955,-0.035958558536685954,0.0017416864415449318,0.0017252810879618446,0.025348273209507943,0.018841919812323898,-0.012996301440785
2023-04-19 05:00:00+00:00,-0.03692546823560623,-0.02402970802337593,0.00466926459082706,0.004609275601272001,0.020797366413216646,0.014319491812323965,-0.012895760212230302
2023-04-19 06:00:00+00:00,-0.04201078700833338,-0.029047681207495266,-0.00014063461369429042,-0.00013754558284738205,0.020935076197319546,0.014455067812323943,-0.012963105800838117
2023-04-19 07:00:00+00:00,-0.02490950774083486,-0.012244718355570634,0.005733570034977986,0.005609193269077044,0.015321538887906423,0.008926955812323839,-0.012664789385264226
2023-04-19 08:00:00+00:00,-0.021834764568255862,-0.009297179329158845,0.0029664043219698177,0.002869320295489101,0.01240058444511284,0.006083249812323973,-0.012537585239097017
2023-04-19 09:00:00+00:00,-0.02318844386760019,-0.010609046639524623,0.0005420562168021448,0.000521264985123055,0.011865250042201167,0.005565155812323839,-0.012579397228075566
2023-04-19 10:00:00+00:00,-0.020079737023116287,-0.007608462081664335,0.0012266238193112677,0.001178321542983595,0.010653180421213777,0.004393391812323965,-0.012471274941451952
2023-04-19 11:00:00+00:00,-0.03599972268290334,-0.02292682403306988,-0.004932820766566426,-0.0047271924084222785,0.01553345095816846,0.009099815812323801,-0.013072898649833464
2023-04-19 12:00:00+00:00,-0.04655481038151553,-0.033250922940696336,-0.005216657955403381,-0.0050477193160484764,0.020669076213056074,0.014101601812323929,-0.013303887440819194
2023-04-19 13:00:00+00:00,-0.04453385354631075,-0.03134118379037014,-0.0010801170545458039,-0.0010559201657225103,0.021726868245882474,0.015142631812323816,-0.013192669755940613
2023-04-19 14:00:00+00:00,-0.04053083328923011,-0.027408975376270982,0.0009886208237670502,0.000968540248376606,0.02075972705649858,0.014188757812323793,-0.013121857912959126
2023-04-19 15:00:00+00:00,-0.04921769630744326,-0.0359380834544291,-0.0026020932282784237,-0.0025442558297814133,0.023307801539582416,0.016696913812323844,-0.013279612853014156
2023-04-19 16:00:00+00:00,-0.043641332197921205,-0.03045757555245207,0.001007072050744351,0.000989768072195633,0.022324202124332778,0.015723671812323852,-0.013183756645469134
2023-04-19 17:00:00+00:00,-0.048190898293600896,-0.034937544334121357,-0.0011986709297222564,-0.0011757247094734827,0.02349611368193932,0.016880909812323937,-0.01325335395947954
2023-04-19 18:00:00+00:00,-0.044166828508648816,-0.030971473720645935,0.0009567867993478529,0.0009407019040018029,0.022561807653998334,0.01595608781232387,-0.013195354788002881
2023-04-19 19:00:00+00:00,-0.04549402032424142,-0.032277288427735855,-0.0001253538111318786,-0.00012301280308811406,0.02268433325655477,0.01607713781232387,-0.013216731896505567
2023-04-19 20:00:00+00:00,-0.044899090766174536,-0.03169129159060167,0.00015892871019573818,0.00015600003404607856,0.022529009738185137,0.015923645812323875,-0.013207799175572868
2023-04-19 22:00:00+00:00,-0.04409046759154613,-0.030893629385283908,0.0003274351548021581,0.0003212982393637819,0.022208951373174145,0.015607463812323846,-0.013196838206262225
2023-04-19 23:00:00+00:00,-0.04714571955280797,-0.03390183721582049,-0.0009229372477910225,-0.0009050535911725587,0.023111391152508473,0.016498391812323966,-0.013243882336987478
2023-04-20 00:00:00+00:00,-0.046504027457856124,-0.03327432090534711,-9.521542489876467e-05,-9.354128069946479e-05,0.02320440601647868,0.016590389812323823,-0.013229706552509012
2023-04-20 01:00:00+00:00,-0.04057759823675874,-0.027425351392710743,0.001974279250275046,0.0019399322319371877,0.02127593874351689,0.014682641812323965,-0.013152246844047994
2023-04-20 02:00:00+00:00,-0.04394765312632277,-0.030737509982636087,-0.00047195270431421577,-0.0004619303579884413,0.021737850211004276,0.015137789812323823,-0.013210143143686681
2023-04-20 03:00:00+00:00,-0.043401515240365326,-0.030202577505697957,2.5092025001671736e-05,2.4582118949765845e-05,0.0217133036326835,0.015113579812323861,-0.01319893773466737
2023-04-20 04:00:00+00:00,-0.04575611910111736,-0.03251940718572786,-0.0007879093552944916,-0.0007718595610802393,0.022484104872911435,0.01587377381232381,-0.013236711915389505
2023-04-20 05:00:00+00:00,-0.0522291488122817,-0.038903556900752326,-0.0024571441466063604,-0.002410849276104563,0.02488600233283767,0.01824635381232388,-0.013325591911529377
2023-04-20 06:00:00+00:00,-0.046849942106673814,-0.033598741436337995,0.0009904531323080557,0.000976534188309745,0.023920197619490935,0.01728763781232387,-0.01325120067033582
2023-04-20 07:00:00+00:00,-0.04710572013498551,-0.033849098203328876,0.00024886022517600637,0.0002448814213187707,0.02367729018008076,0.017046989812323825,-0.013256621931656637
2023-04-20 08:00:00+00:00,-0.051550023359247216,-0.03823883077848579,-0.0014209098631279282,-0.0013974991538381885,0.025064556748059644,0.0184206658123238,-0.013311192580761425
2023-04-20 09:00:00+00:00,-0.05616327393854255,-0.04281963010035513,-0.0020455676450215066,-0.0020175424757072915,0.02705885314676052,0.02040104381232392,-0.013343643838187418
2023-04-20 10:00:00+00:00,-0.05031393071993831,-0.03701812254304677,0.0012912177725868945,0.0012787130816011138,0.025802574246262602,0.01914841781232394,-0.013295808176891542
2023-04-20 11:00:00+00:00,-0.059984937232923634,-0.04661153095661583,-0.0028421528195634593,-0.0028074033319681396,0.028571392206680087,0.021902063812323846,-0.0133734062763078
2023-04-20 12:00:00+00:00,-0.05254217539114343,-0.03921330684129767,0.001563313706777758,0.001552948783350146,0.027052744548960592,0.020383127812323907,-0.01332886854984576
2023-04-20 13:00:00+00:00,-0.05417459674964443,-0.04083500315591901,-2.34589702610144e-05,-2.3231531271183992e-05,0.027075568889691707,0.02040588581232391,-0.01333959359372542
2023-04-20 14:00:00+00:00,-0.052533787658251375,-0.03920281663873041,0.0005490268499086515,0.0005437149859171872,0.026541407254080013,0.0198732658123238,-0.013330971019520965
2023-04-20 15:00:00+00:00,-0.057781823256602964,-0.044416029675402084,-0.0015945506618160188,-0.0015773980507544853,0.028093636297393473,0.0214193158123238,-0.01336579358120088
2023-04-20 16:00:00+00:00,-0.057517071058432616,-0.0441642916473818,-0.0004517265827632677,-0.0004482880227339473,0.028532672237834674,0.02185800181232393,-0.013352779411050814
2023-04-20 17:00:00+00:00,-0.055824543018749916,-0.04247794775871537,0.00042162045786187097,0.0004187878659325173,0.028123081738305893,0.021448367812323944,-0.013346595260034545
2023-04-20 18:00:00+00:00,-0.052352367437379387,-0.03901483353526548,0.001322731537848676,0.0013127380893823498,0.02683754948761403,0.020163785812323913,-0.01333753390211391
2023-04-20 19:00:00+00:00,-0.05595944234808823,-0.04259893204831907,-0.0007753195759454545,-0.0007674364236714041,0.027592061386071388,0.02091574781232383,-0.01336051029976916
2023-04-20 20:00:00+00:00,-0.05502252940205334,-0.041670571811883085,5.48738450302233e-05,5.4399812764743046e-05,0.027538701623541783,0.020862485812323913,-0.013351957590170258
2023-04-20 22:00:00+00:00,-0.05611610254381399,-0.04275925565093557,-0.0003527085220764725,-0.00034962402628796853,0.027881697010868758,0.0212048158123238,-0.013356846892878416
2023-04-20 23:00:00+00:00,-0.05463133134294107,-0.04128158998838087,0.00038450125798239476,0.00038140563626678966,0.027507916300461732,0.02083149781232383,-0.013349741354560199
2023-04-21 00:00:00+00:00,-0.05144704349112809,-0.038109608003940976,0.0012118194553647488,0.0012011436207069238,0.026329431473246418,0.01965537581232395,-0.013337435487187112
2023-04-21 01:00:00+00:00,-0.05404273287065893,-0.04068532109417064,-0.0004695316421869933,-0.000464273469523025,0.02678660061423597,0.020110523812323807,-0.01335741177648829
2023-04-21 02:00:00+00:00,-0.0522933837032247,-0.038948640120431435,0.000434362572924174,0.0004298995042163599,0.026363873138074437,0.019689269812323898,-0.013344743582793264
2023-04-21 03:00:00+00:00,-0.05041652389408489,-0.037082689338466035,0.0007841903234910852,0.0007754622861818641,0.025600357108787986,0.01892907581232395,-0.013333834555618852
2023-04-21 04:00:00+00:00,-0.04285767714048854,-0.029583558208878712,0.002829299748312253,0.0027934494157690515,0.022843488444400397,0.01618850381232388,-0.013274118931609829
2023-04-21 05:00:00+00:00,-0.03290610960431355,-0.01977231049043989,0.004326172340068268,0.0042474051342076945,0.01861614097219091,0.012009857812323794,-0.013133799113873662
2023-04-21 06:00:00+00:00,-0.03794828482659517,-0.02471978883817368,-0.00024166689742499692,-0.0002352412135260614,0.018853308964585088,0.012242273812323809,-0.013228495988421494
2023-04-21 07:00:00+00:00,-0.040047603344498674,-0.026774551472588816,-0.0007902611636974033,-0.0007696158479409308,0.019628671090400635,0.013002467812323943,-0.013273051871909858
2023-04-21 08:00:00+00:00,-0.036025960105832484,-0.022838951771431845,0.0010914093011208381,0.0010645558532159207,0.01855868470347666,0.011951753812323882,-0.01318700833440064
2023-04-21 09:00:00+00:00,-0.03999658327596945,-0.02671832971398894,-0.0009717610273478616,-0.0009458100893410687,0.019512411124310795,0.012886259812323936,-0.013278253561980511
2023-04-21 10:00:00+00:00,-0.03876119616609066,-0.025514288803212933,8.903353344924536e-05,8.682282143474397e-05,0.019425114849769953,0.012800555812323838,-0.013246907362877727
2023-04-21 11:00:00+00:00,-0.040380083145393514,-0.02709938154520574,-0.0005166416981665645,-0.0005037219205580162,0.019931720723613475,0.013297829812323862,-0.013280701600187773
2023-04-21 12:00:00+00:00,-0.01721068300400797,-0.00438776821610597,0.007652605883255004,0.007468843408541707,0.012431644443631486,0.0059283058123238384,-0.012822914787901998
2023-04-21 13:00:00+00:00,-0.03261601448140663,-0.019342182569858684,-0.002605838435990382,-0.002505090945210931,0.015005088022708123,0.008418545812323876,-0.013273831911547945
2023-04-21 14:00:00+00:00,-0.025502932499702913,-0.012462590694915886,0.001517595619136558,0.0014663969297319549,0.013510264059419736,0.00696449381232392,-0.013040341804787027
2023-04-21 15:00:00+00:00,-0.12739147503962156,-0.11618578120507211,0.0,-0.000755773580424346,0.013658237519810776,0.007715003812323883,-0.011205693834549446
2023-04-21 16:00:00+00:00,-0.027316475039621552,-0.020104938148349714,0.0,-0.0015663665237018864,0.013658237519810776,0.009269285812323913,-0.007211536891271839
2023-04-21 17:00:00+00:00,-0.027316475039621552,-0.016411161562255163,-0.0,0.0007135460623926052,0.013658237519810776,0.008562353812323883,-0.01090531347736639
2023-04-21 18:00:00+00:00,-0.027316475039621552,-0.022281714831617692,0.0,-0.0017288712069699866,0.013658237519810776,0.010276421812323853,-0.00503476020800386
2023-04-21 19:00:00+00:00,-0.027316475039621552,-0.020003316247812705,-0.0,0.00018443937683510755,0.013658237519810776,0.010093877812323905,-0.007313158791808848
2023-04-21 20:00:00+00:00,-0.027316475039621552,-0.022325964638217382,0.0,-0.0007175650135694355,0.013658237519810776,0.010804199812323972,-0.00499051040140417
2023-04-24 00:00:00+00:00,-0.027316475039621552,-0.015179111198948733,-0.0,0.002158644425699079,0.013658237519810776,0.008668877812323906,-0.01213736384067282
2023-04-24 01:00:00+00:00,-0.027316475039621552,-0.018619769699697163,0.0,-0.0004298220750495472,0.013658237519810776,0.009094973812323808,-0.00869670533992439
2023-04-24 02:00:00+00:00,-0.027316475039621552,-0.018976751496028205,0.0,-0.0002638678713802737,0.013658237519810776,0.009356441812323965,-0.008339723543593348
2023-04-24 03:00:00+00:00,-0.027316475039621552,-0.016862273688844607,-0.0,0.0006207419358029813,0.013658237519810776,0.008741507812323794,-0.010454201350776945
2023-04-24 04:00:00+00:00,-0.027316475039621552,-0.016128126558121996,-0.0,0.00045427706652586126,0.013658237519810776,0.008291201812323928,-0.011188348481499556
2023-04-24 05:00:00+00:00,-0.027316475039621552,-0.017077664000428986,0.0,-0.00016600437578126427,0.013658237519810776,0.00845582981232386,-0.010238811039192566
2023-04-24 06:00:00+00:00,-0.027316475039621552,-0.01732925234139076,0.0,-1.9331463565862774e-05,0.013658237519810776,0.008618722777999938,-0.009987222698230793
2023-04-24 07:00:00+00:00,-0.027316475039621552,-0.017237445555999875,0.0,0.0,0.013658237519810776,0.008618722777999938,-0.010079029483621677
2023-04-24 08:00:00+00:00,-0.027316475039621552,-0.017237445555999875,-0.0,0.0,0.013658237519810776,0.008618722777999938,-0.010079029483621677
2023-04-24 09:00:00+00:00,-0.027316475039621552,-0.017237445555999875,0.0,0.0,0.013658237519810776,0.008618722777999938,-0.010079029483621677
2023-04-24 10:00:00+00:00,-0.027316475039621552,-0.017237445555999875,-0.0,0.0,0.013658237519810776,0.008618722777999938,-0.010079029483621677
2023-04-24 11:00:00+00:00,-0.027316475039621552,-0.017237445555999875,0.0,0.0,0.013658237519810776,0.008618722777999938,-0.010079029483621677
2023-04-24 12:00:00+00:00,-0.027316475039621552,-0.017237445555999875,-0.0,0.0,0.013658237519810776,0.008618722777999938,-0.010079029483621677
2023-04-24 13:00:00+00:00,-0.027316475039621552,-0.017237445555999875,0.0,0.0,0.013658237519810776,0.008618722777999938,-0.010079029483621677
2023-04-24 14:00:00+00:00,-0.027316475039621552,-0.017237445555999875,0.0,0.0,0.013658237519810776,0.008618722777999938,-0.010079029483621677
2023-04-24 15:00:00+00:00,-0.027316475039621552,-0.017237445555999875,0.0,0.0,0.013658237519810776,0.008618722777999938,-0.010079029483621677
2023-04-24 16:00:00+00:00,-0.027316475039621552,-0.017237445555999875,0.0,0.0,0.013658237519810776,0.008618722777999938,-0.010079029483621677
2023-04-24 17:00:00+00:00,-0.027316475039621552,-0.017237445555999875,0.0,0.0,0.013658237519810776,0.008618722777999938,-0.010079029483621677
2023-04-24 18:00:00+00:00,-0.027316475039621552,-0.017237445555999875,-0.0,0.0,0.013658237519810776,0.008618722777999938,-0.010079029483621677
2023-04-24 19:00:00+00:00,-0.027316475039621552,-0.017237445555999875,0.0,0.0,0.013658237519810776,0.008618722777999938,-0.010079029483621677
2023-04-24 20:00:00+00:00,-0.027316475039621552,-0.017237445555999875,0.0,0.0,0.013658237519810776,0.008618722777999938,-0.010079029483621677
2023-04-24 22:00:00+00:00,-0.027316475039621552,-0.017237445555999875,0.0,0.0,0.013658237519810776,0.008618722777999938,-0.010079029483621677
2023-04-24 23:00:00+00:00,-0.027316475039621552,-0.017237445555999875,0.0,0.0,0.013658237519810776,0.008618722777999938,-0.010079029483621677
2023-04-25 00:00:00+00:00,-0.027316475039621552,-0.017237445555999875,0.0,0.0,0.013658237519810776,0.008618722777999938,-0.010079029483621677
2023-04-25 01:00:00+00:00,-0.027316475039621552,-0.017237445555999875,-0.0,0.0,0.013658237519810776,0.008618722777999938,-0.010079029483621677
2023-04-25 02:00:00+00:00,-0.027316475039621552,-0.017237445555999875,-0.0,0.0,0.013658237519810776,0.008618722777999938,-0.010079029483621677
2023-04-25 03:00:00+00:00,-0.027316475039621552,-0.017237445555999875,-0.0,0.0,0.013658237519810776,0.008618722777999938,-0.010079029483621677
2023-04-25 04:00:00+00:00,-0.027316475039621552,-0.017237445555999875,0.0,0.0,0.013658237519810776,0.008618722777999938,-0.010079029483621677
2023-04-25 05:00:00+00:00,-0.125944526609164,-0.11723744555599988,0.000586347132537024,0.0,0.01322793687085051,0.008618722777999938,-0.008707081053164117
2023-04-25 06:00:00+00:00,-0.02029775434180794,-0.01177804597279025,0.0020709695697848085,0.0019489625680789368,0.011184361955796375,0.0068278692693915215,-0.00851970836901769
2023-04-25 07:00:00+00:00,-0.019754830755540107,-0.011174215875316341,0.0008778431288801736,0.0008309566634666877,0.01031633694221014,0.006002586269391514,-0.008580614880223766
2023-04-25 08:00:00+00:00,-0.020042301966239774,-0.011445670554599089,0.00019815345123963546,0.0001872499841839842,0.010120227708739705,0.005816460269391537,-0.008596631411640685
2023-04-25 09:00:00+00:00,-0.011383454410952875,-0.0032423564182927226,0.0029723878299606765,0.0028077421204904703,0.007177921120456776,0.0030250492693915964,-0.008141097992660152
2023-04-25 10:00:00+00:00,-0.00747187898007593,0.00043305595886094367,0.002305687783638821,0.002165418497644196,0.004888783381857375,0.0008661812693916261,-0.007904934938936873
2023-04-25 11:00:00+00:00,-0.033008482417592924,-0.02351109728267873,-0.007768959056579483,-0.007263772743895746,0.01261976168050672,0.008123662269391492,-0.009497385134914195
2023-04-25 12:00:00+00:00,-0.013636624803313804,-0.005201355423301178,0.0039004480020553567,0.003702039115482104,0.00876853640268458,0.004451697269391641,-0.008435269380012626
2023-04-25 13:00:00+00:00,-0.11790944224444833,-0.1093117259528881,0.0,-1.8842882809968967e-05,0.00891722112222416,0.0046111186846001075,-0.008597716291560226
2023-04-25 14:00:00+00:00,-0.01783444224444832,-0.009222237369200215,0.0,0.0,0.00891722112222416,0.0046111186846001075,-0.008612204875248107
2023-04-25 15:00:00+00:00,-0.01783444224444832,-0.009222237369200215,0.0,0.0,0.00891722112222416,0.0046111186846001075,-0.008612204875248107
2023-04-25 16:00:00+00:00,-0.01783444224444832,-0.009222237369200215,0.0,0.0,0.00891722112222416,0.0046111186846001075,-0.008612204875248107
2023-04-25 17:00:00+00:00,-0.11328401390019194,-0.10494131175333855,0.001650895610868841,0.0015501107446178404,0.007429954755530387,0.0032100686543151736,-0.008342702146853384
2023-04-25 18:00:00+00:00,-0.11523268052463403,-0.10683130800877125,0.0,-1.895584957873821e-05,0.007578840262317018,0.003370642341950163,-0.008401372515862787
2023-04-25 19:00:00+00:00,-0.015157680524634036,-0.006741284683900326,-0.0,0.0,0.007578840262317018,0.003370642341950163,-0.008416395840733708
2023-04-25 20:00:00+00:00,-0.015157680524634036,-0.006741284683900326,0.0,0.0,0.007578840262317018,0.003370642341950163,-0.008416395840733708
2023-04-25 22:00:00+00:00,-0.015157680524634036,-0.006741284683900326,0.0,0.0,0.007578840262317018,0.003370642341950163,-0.008416395840733708
2023-04-25 23:00:00+00:00,-0.11194917718765762,-0.10674128468390033,0.0011999250046872412,0.0,0.0065370510961724314,0.003370642341950163,-0.0052078925037572915
2023-04-26 00:00:00+00:00,-0.014887735757545718,-0.006741284683900326,-0.000607190679397851,0.0,0.0071402725390739335,0.003370642341950163,-0.00814645107364539
2023-04-26 01:00:00+00:00,-0.013603920333868588,-0.006508873154906187,0.0002266203353982199,0.00019642909221553138,0.006915270334633404,0.003316999833039194,-0.007095047178962401
2023-04-26 02:00:00+00:00,-0.00712150814092964,-0.0002421367339290794,0.0022467018766715308,0.002135342932149384,0.004684105008800585,0.0011887398330392316,-0.0068793714070005604
2023-04-26 03:00:00+00:00,-0.011572944097312786,-0.004468648942012329,-0.0007372134834842115,-0.0006976092759340887,0.005417865306914287,0.0018855198330391199,-0.0071042951553004574
2023-04-26 04:00:00+00:00,-0.011794437046869461,-0.004681692737913548,-0.0003207272490373114,-0.0003039330718350104,0.005736854898916075,0.002188879833039269,-0.007112744308955913
2023-04-26 05:00:00+00:00,-0.014647729067974716,-0.007394604052782428,-0.0010620683781663587,-0.0010070843867041135,0.006792830344904179,0.003193759833039157,-0.007253125015192288
2023-04-26 06:00:00+00:00,-0.01294301125548432,-0.005775406628303553,0.00021519098199640485,0.0002044730377749105,0.0065791011187403626,0.0029899398330392314,-0.0071676046271807676
2023-04-26 07:00:00+00:00,-0.012784434934308427,-0.005624024295672114,0.00012513796460600357,0.00011885537040634858,0.006454786449457215,0.0028714398330392317,-0.007160410638636312
2023-04-26 08:00:00+00:00,-0.014718983659018406,-0.007465151294231284,-0.0006057435502078157,-0.0005751916281527457,0.007056620054405295,0.003444979833039269,-0.0072538323647871215
2023-04-26 09:00:00+00:00,-0.014770544367887556,-0.007516360634795094,-0.00022013703530432416,-0.00020928096871663046,0.007275203666291616,0.0036535398330392317,-0.007254183733092462
2023-04-26 10:00:00+00:00,-0.00925358050719013,-0.0022570805253474572,0.001774214121183837,0.0016874431407307678,0.005513897314186983,0.0019722618330391124,-0.006996499981842672
2023-04-26 11:00:00+00:00,-0.014333318276459894,-0.007084944961931659,-0.0011059064524405748,-0.0010481852958531203,0.00661370591200966,0.003018379833039269,-0.007248373314528236
2023-04-26 12:00:00+00:00,-0.02079056456712762,-0.013237917551384135,-0.002532215801447135,-0.00240522588530594,0.009129174382840242,0.005416345833039097,-0.0075526470157434855
2023-04-26 13:00:00+00:00,-0.011609806584432432,-0.004470511449437649,0.002229751252425194,0.002128412216640576,0.006919778918428813,0.0032994618330391126,-0.007139295134994782
2023-04-26 14:00:00+00:00,-0.0032558576796148254,0.0033684560923128467,0.0035442503382625556,0.0033684560923128467,0.0034000540089386905,0.0,-0.0066243137719276726
2023-04-26 15:00:00+00:00,0.0005199380178583955,0.002308246398312967,0.00244555869968599,0.002308246398312967,0.0009628103409137973,0.0,-0.0017883083804545717
2023-04-26 16:00:00+00:00,-0.004536585560279379,-0.0024542525998331316,-0.000870880621395953,-0.0008180841999443772,0.0018328524694417134,0.0008180841999443772,-0.002082332960446248
2023-04-26 17:00:00+00:00,-0.006649643831222654,-0.004445848383076116,-0.0009958631442619215,-0.000937071063083076,0.0028268903434803664,0.0017543886599965198,-0.0022037954481465387
2023-04-26 18:00:00+00:00,-0.0022535166660953205,-0.00030076563600540235,0.001135561412015318,0.0010705893812425222,0.0016945390390553192,0.0006856775086239623,-0.0019527510300899182
2023-04-26 19:00:00+00:00,-0.003770448067343848,-0.0017303538169265416,-0.00012726710246013795,-0.00011972099322111356,0.001821590482441855,0.000805316411852714,-0.0020400942504173064
2023-04-26 20:00:00+00:00,-0.0062202734680195165,-0.004037164286213232,-0.0008600753043710441,-0.0008092783042360399,0.002680099081824236,0.0016139429909885962,-0.0021831091818062844
2023-04-26 22:00:00+00:00,-0.007883938430876964,-0.005608232456892818,-0.0008427525292626914,-0.0007943034653122478,0.0035205929508071365,0.0024069644957902853,-0.002275705973984146
2023-04-26 23:00:00+00:00,-0.006815765534361878,-0.004600961380270265,7.531689583928358e-05,7.110329918121054e-05,0.003445541215100581,0.0023360323397257376,-0.0022148041540916135
2023-04-27 00:00:00+00:00,-0.008604492190514738,-0.006290580104979936,-0.0005724515236500416,-0.0005403466533474083,0.004016020333432348,0.002875116725816264,-0.002313912085534802
2023-04-27 01:00:00+00:00,-0.017116469686582897,-0.014341273561471954,-0.00303627216039537,-0.0028691795206325687,0.007040098763093764,0.005736047020419692,-0.002775196125110943
2023-04-27 02:00:00+00:00,-0.015619004154018174,-0.01293610641575145,-0.0005153543060854027,-0.0004898774316253855,0.0075518249239663856,0.006223114492063032,-0.002682897738266724
2023-04-27 03:00:00+00:00,-0.014939452224584752,-0.012289852506488,5.50094891368369e-05,5.234264874331975e-05,0.007497230856860795,0.00617109757761566,-0.002649599718096753
2023-04-27 04:00:00+00:00,-0.11536721254446457,-0.11148924749325784,-0.0,0.00028549041345710894,0.007646106272232281,0.005887368953357469,-0.0038779650512067304
2023-04-27 05:00:00+00:00,-0.12015882642123675,-0.11605328324535358,-0.0015057943064966661,-0.0014318014752480435,0.009289016057370042,0.007310740885052765,-0.004105543175883172
2023-04-27 06:00:00+00:00,-0.014661290841565804,-0.010881291199564814,0.0013137158427636297,0.0012528362978770176,0.007987503342164717,0.006067063748720915,-0.0037799996420009897
2023-04-27 07:00:00+00:00,-0.013989960110555276,-0.010243493085071189,0.0006652245132733325,0.0006327708448261418,0.007327592311914304,0.005438131964948666,-0.003746467025484087
2023-04-27 08:00:00+00:00,-0.012951830466521715,-0.00925606312992942,0.0005705719984283597,0.0005420320277868599,0.006761201232475037,0.0048990475788581395,-0.003695767336592295
2023-04-27 09:00:00+00:00,-0.018966352303585066,-0.014970430301484374,-0.0018228664575044018,-0.0017297611694354488,0.008571742923040332,0.006620334566024463,-0.003995922002100692
2023-04-27 10:00:00+00:00,-0.01158183495577911,-0.007937375214601798,0.001864538526714532,0.0017756013558367263,0.006723186741246821,0.004856488285219262,-0.0036444597411773114
2023-04-27 11:00:00+00:00,0.003022736293361376,0.005232303758083957,0.005514419573660501,0.005232303758083957,0.0012458416401495624,0.0,-0.0022095674647225816
2023-04-27 12:00:00+00:00,0.002059671036795052,0.0019334059805257034,0.002059671036795052,0.0019334059805257034,0.0,0.0,0.00012626505626934874
2023-04-27 13:00:00+00:00,-0.10037499999999994,-0.10040671704053417,0.0,-1.8702916338311197e-05,0.00014999999999996822,0.0001589462329459999,3.17170405342293e-05
2023-04-27 14:00:00+00:00,-0.09949513610162052,-0.09953887834340532,0.0005798638983794957,0.0005324498563361329,0.0,0.0,4.374224178479991e-05
2023-04-27 15:00:00+00:00,-0.10037499999999995,-0.10041331659666745,0.0,-1.9007093062903883e-05,0.00014999999999997004,0.0001615252200543961,3.8316596667503644e-05
2023-04-27 16:00:00+00:00,-0.00029999999999994007,-0.0003230504401087922,0.0,0.0,0.00014999999999997004,0.0001615252200543961,2.305044010885213e-05
2023-04-27 17:00:00+00:00,-0.10049248543379423,-0.10056320427139731,6.083535489376235e-05,3.883846111364829e-05,0.00023916039434399404,0.00026535109015137,7.071883760308151e-05
2023-04-27 18:00:00+00:00,-0.10085324904056973,-0.10094442462907663,-0.0,-1.903005515246274e-05,0.00038912452028486524,0.00042702547625816684,9.117558850689489e-05
2023-04-27 19:00:00+00:00,-0.0007782490405697305,-0.0008540509525163337,-0.0,0.0,0.00038912452028486524,0.00042702547625816684,7.580191194660321e-05
2023-04-27 20:00:00+00:00,-0.0007782490405697305,-0.0008540509525163337,-0.0,0.0,0.00038912452028486524,0.00042702547625816684,7.580191194660321e-05
2023-04-27 22:00:00+00:00,-0.0007782490405697305,-0.0008540509525163337,0.0,0.0,0.00038912452028486524,0.00042702547625816684,7.580191194660321e-05
2023-04-27 23:00:00+00:00,-0.0007782490405697305,-0.0008540509525163337,-0.0,0.0,0.00038912452028486524,0.00042702547625816684,7.580191194660321e-05
