side,entry_time,exit_time,entry_price,exit_price,holding_bars,net_return_pct,equity_after,mfe_pct,mae_pct
short,2020-01-01 23:00:00,2020-02-04 14:00:00,1518.625,1555.195,536,-2.81838262110391,0.9714528085285676,0.0,-5.284583093258699
long,2020-02-04 14:00:00,2020-02-06 14:00:00,1555.195,1563.295,47,0.25737970392778475,0.9756862298945795,0.7480090921074156,-0.41988303717540587
short,2020-02-06 14:00:00,2020-02-06 15:00:00,1563.295,1565.465,2,0.05139202377235641,0.9767474616683053,0.0,-0.13880937379060487
long,2020-02-06 15:00:00,2020-02-06 16:00:00,1565.465,1565.198,2,0.09580416465733155,0.9766209779368066,0.0,-0.0170556352265816
short,2020-02-06 16:00:00,2020-02-28 15:00:00,1565.198,1589.995,361,-1.0171169366588906,0.9668127978072911,0.18099946460448102,-7.7702629315907545
long,2020-02-28 15:00:00,2020-03-02 09:00:00,1589.995,1609.348,17,1.5575464612697543,0.9782435069137556,1.217173638910829,-1.004845927188447
long,2020-03-02 12:00:00,2020-03-03 05:00:00,1595.648,1595.028,17,-0.0010397010682505758,0.9782333361055642,0.27637674474572105,-0.6348517968875256
long,2020-03-03 06:00:00,2020-03-03 13:00:00,1594.918,1606.665,8,0.6111779052345723,0.9842120821174805,0.7365268935456193,0.0
short,2020-03-03 15:00:00,2020-03-12 12:00:00,1639.818,1596.925,158,0.3629373842867878,0.9877841557041522,2.6157171100695376,-3.7241937824807447
long,2020-03-12 12:00:00,2020-03-24 01:00:00,1596.925,1578.265,170,-2.7111382560145336,0.9692744001253958,0.0,-8.854517275388629
short,2020-03-24 01:00:00,2020-03-31 20:00:00,1578.265,1575.558,133,-0.40432343560954376,0.9689699277187555,0.8760886162970105,-3.7543124887138735
long,2020-03-31 20:00:00,2020-04-01 02:00:00,1575.558,1584.328,6,0.28080552905171974,0.9722230397109253,0.5566281914090032,0.0
short,2020-04-01 02:00:00,2020-04-30 20:00:00,1584.328,1688.938,471,-6.298455515260626,0.9121275095728847,0.2063966552380503,-9.66510722527154
long,2020-04-30 20:00:00,2020-04-30 22:00:00,1688.938,1687.855,2,0.17847823674108643,0.912438580612266,0.0,-0.06412313536672265
short,2020-04-30 22:00:00,2020-05-01 05:00:00,1687.855,1676.315,8,1.169688351464493,0.9227965588028618,0.9222948653764718,-0.07820577004540308
long,2020-05-01 05:00:00,2020-05-01 15:00:00,1676.315,1697.338,11,1.3488736809903479,0.9332771718289707,1.2541198998994751,-0.24798441820302886
short,2020-05-01 16:00:00,2020-05-06 15:00:00,1697.208,1686.378,67,0.24627230181104576,0.9355755750023109,0.6381068201422702,-0.7655514232786986
long,2020-05-06 15:00:00,2020-05-07 10:00:00,1686.378,1695.658,19,0.20453136002591688,0.9393608562820631,0.5502918088352571,-0.08835504258238869
short,2020-05-07 12:00:00,2020-05-11 15:00:00,1697.318,1697.068,48,0.027334680933233102,0.9396176275749395,0.0653972914916312,-1.4246004578988725
long,2020-05-11 15:00:00,2020-05-12 04:00:00,1697.068,1701.225,13,0.04225815539244948,0.9401455202042086,0.24495188171598237,-0.04672765027682324
short,2020-05-12 04:00:00,2020-05-26 15:00:00,1701.225,1712.305,234,-1.0665353571359448,0.9311354960190764,0.10933298064629282,-3.6920454378462697
long,2020-05-26 15:00:00,2020-05-28 05:00:00,1712.305,1718.418,37,0.2282826862930909,0.9344696476305541,0.3725971716487253,-0.7911557812422476
short,2020-05-28 05:00:00,2020-06-03 09:00:00,1718.418,1719.045,95,0.02281414102816015,0.934818102616963,0.33228236668841893,-1.5170930472097055
long,2020-06-03 09:00:00,2020-06-03 11:00:00,1719.045,1709.148,3,0.19297071826900325,0.9363106688473771,0.17469001684073948,-0.5757266389187166
long,2020-06-03 12:00:00,2020-06-09 14:00:00,1705.755,1716.015,93,0.6201243528028977,0.9421169593227914,0.7675779933225879,-1.799203285348716
short,2020-06-09 14:00:00,2020-06-15 12:00:00,1716.015,1707.955,89,0.5911580459489807,0.9467293953161954,0.5104850482076206,-1.5978881303485126
long,2020-06-15 12:00:00,2020-06-15 16:00:00,1707.955,1722.225,5,0.7660588986331707,0.9538770767282798,0.8355021063201296,0.0
short,2020-06-15 18:00:00,2020-08-11 13:00:00,1726.065,1949.705,919,-11.238772795482255,0.8466729993266006,0.6367083510759985,-19.933374467357833
long,2020-08-11 13:00:00,2020-08-12 09:00:00,1949.705,1932.248,20,-0.6069179175102635,0.8388868543465204,0.0,-3.5629492666839235
long,2020-08-12 19:00:00,2020-08-13 00:00:00,1915.138,1936.868,5,1.167386146488325,0.8486799032688733,1.1346440830895643,0.0
short,2020-08-13 02:00:00,2020-08-19 19:00:00,1935.208,1928.488,108,-0.885772008575092,0.8411625342433154,0.5091442366918719,-4.029024270259329
long,2020-08-19 19:00:00,2020-08-20 19:00:00,1928.488,1946.668,24,0.5917967641403399,0.8514930123289653,1.2433056363327033,-0.04770576741986998
long,2020-08-21 07:00:00,2020-08-24 10:00:00,1934.495,1950.025,25,0.43457941989406557,0.8551934257223831,0.8027934939092818,-0.9603023011173439
long,2020-08-24 12:00:00,2020-08-26 19:00:00,1937.938,1953.938,54,0.12798314444533165,0.8562879291597123,0.8256198082704502,-1.3629434997404433
short,2020-08-26 23:00:00,2020-08-27 01:00:00,1950.045,1941.035,3,0.29666382006818814,0.8588282256411404,0.4620406195754434,0.0
long,2020-08-27 01:00:00,2020-08-28 09:00:00,1941.035,1957.658,32,0.5737663518986968,0.865252562083452,0.8563987769411696,-1.0999286463149849
short,2020-08-28 11:00:00,2020-09-02 12:00:00,1955.205,1948.965,69,-0.18752601797167312,0.863629988408379,0.319148120018109,-1.8775524817090883
long,2020-09-02 13:00:00,2020-09-09 13:00:00,1943.055,1945.398,110,-0.1141197345867262,0.862644416157796,0.2451294482142874,-1.540203442517074
short,2020-09-09 15:00:00,2020-09-17 08:00:00,1948.248,1941.188,130,-0.34618394017472687,0.8596580797282436,0.4783785226521453,-1.1487243923771429
long,2020-09-17 08:00:00,2020-09-17 19:00:00,1941.188,1943.718,12,0.12322155280859448,0.8625887760868918,0.35596758273799267,-0.05202999400366615
long,2020-09-17 20:00:00,2020-09-17 23:00:00,1945.928,1950.898,3,0.1397290351740743,0.8637940630612378,0.25540513318065283,0.0
short,2020-09-18 01:00:00,2020-09-21 09:00:00,1951.888,1931.505,30,1.012510034007974,0.8725400646228981,1.0442709827612973,-0.35145459165690784
long,2020-09-21 09:00:00,2020-10-01 15:00:00,1931.505,1908.368,189,-1.1346290603919895,0.8629479835805118,0.07144687691722496,-4.14443659219107
long,2020-10-01 16:00:00,2020-10-01 18:00:00,1906.255,1903.738,3,0.31452171622246006,0.8656621423885764,0.16944217851231347,-0.13203899793049478
short,2020-10-01 18:00:00,2020-10-01 19:00:00,1903.738,1905.818,2,0.3503214753166839,0.8663479714828654,0.0,-0.10925873203140313
long,2020-10-01 19:00:00,2020-10-05 12:00:00,1905.818,1908.858,38,0.10516765946309015,0.8665725390025845,0.35312920751089383,-0.77447059477872
short,2020-10-05 14:00:00,2020-10-06 16:00:00,1913.948,1900.665,26,0.4659221259342816,0.8706100921990679,0.694010495582964,-0.1818231216313082
long,2020-10-06 16:00:00,2020-10-09 00:00:00,1900.665,1906.488,54,-0.2900271373357688,0.8697755749578983,0.306366455950946,-1.3051747677786496
short,2020-10-09 02:00:00,2020-10-13 13:00:00,1910.768,1892.435,56,0.4925630140120374,0.8740597677450515,0.9594571397469553,-1.0257655560486523
long,2020-10-13 13:00:00,2020-10-14 13:00:00,1892.435,1907.058,24,0.8191499632010935,0.8830598529134027,1.0448443407567565,-0.1160938156396285
short,2020-10-14 14:00:00,2020-10-14 16:00:00,1903.105,1902.535,3,0.338341994319058,0.8860476152307808,0.10283195094332731,0.0
long,2020-10-14 16:00:00,2020-10-15 18:00:00,1902.535,1906.465,26,0.19895774345082273,0.8874294663165507,0.20656650206172245,-0.5795951191436721
short,2020-10-15 20:00:00,2020-10-16 19:00:00,1907.318,1898.968,23,0.4020761251967375,0.8909976083285703,0.4377875110495477,-0.13002551226382053
long,2020-10-16 19:00:00,2020-10-19 04:00:00,1898.968,1907.848,7,-0.15401615831609483,0.8901017683786557,0.4676224138584706,0.0
short,2020-10-19 04:00:00,2020-10-28 11:00:00,1907.848,1882.245,167,0.005322931177831336,0.892814017293371,1.3419832187889225,-1.0241906063795492
long,2020-10-28 11:00:00,2020-11-03 16:00:00,1882.245,1908.875,96,0.5900281537050134,0.9028057986953362,1.4147998799306283,-0.9651772218813082
short,2020-11-03 16:00:00,2020-11-04 01:00:00,1908.875,1893.448,9,-0.21092732176860585,0.9023538015304101,0.8081723528256091,-0.2870800864383405
long,2020-11-04 01:00:00,2020-11-04 23:00:00,1893.448,1904.735,22,0.1362229818298033,0.9075871172901677,0.7974869127644224,-0.2203915819182778
short,2020-11-05 01:00:00,2020-11-09 13:00:00,1908.258,1863.188,58,0.3589010457543118,0.9108444569452535,2.36183996084387,-2.8392387192926805
long,2020-11-09 13:00:00,2020-12-07 19:00:00,1863.188,1863.798,456,-1.4091283485784145,0.9066341013853844,1.7763639525372632,-5.18106600085445
short,2020-12-07 19:00:00,2020-12-09 14:00:00,1863.798,1848.065,42,1.4553562010606758,0.9222539616771063,1.2933268519442542,-0.47859263718492695
long,2020-12-09 14:00:00,2020-12-15 09:00:00,1848.065,1846.158,87,0.21657394089995563,0.9203404342557255,0.0,-1.3143477096314249
short,2020-12-15 09:00:00,2021-01-08 14:00:00,1846.158,1862.795,368,-1.360387945432695,0.908430836637214,0.1836245868446773,-6.041032241010802
long,2021-01-08 14:00:00,2021-01-20 19:00:00,1862.795,1869.628,184,0.13226770118397457,0.9108593359544931,0.36681438376202635,-2.2428662305836067
short,2021-01-20 20:00:00,2021-01-21 13:00:00,1871.548,1864.145,17,0.6016120456912244,0.9163391754388984,0.5724138520625699,-0.13502191768526295
long,2021-01-21 13:00:00,2021-01-21 19:00:00,1864.145,1868.778,7,0.4189150073854009,0.918819623931317,0.2746567461222149,-0.025749069948954872
short,2021-01-21 19:00:00,2021-01-22 02:00:00,1868.778,1861.509,7,0.45142929613022353,0.9230039478069278,0.4364884432500715,-0.044788626578440294
long,2021-01-22 02:00:00,2021-01-25 11:00:00,1861.509,1862.862,32,0.07770398059168127,0.9235575810210191,0.12602678794462197,-0.9865114807395492
short,2021-01-25 13:00:00,2021-01-25 14:00:00,1855.755,1851.765,2,0.22786418931082242,0.9256620380158312,0.21500683010419186,0.0
long,2021-01-25 14:00:00,2021-01-29 11:00:00,1851.765,1865.115,90,0.2919124178812016,0.9306437007990475,0.7209338117957653,-0.8510799156480453
short,2021-01-29 12:00:00,2021-01-29 15:00:00,1871.788,1857.572,4,0.27245983895314296,0.9331793311274721,0.7594877197631411,0.0
long,2021-01-29 15:00:00,2021-02-01 03:00:00,1857.572,1860.275,11,0.10381907257168699,0.9348223562036709,0.20187642793927374,-0.8557945533201328
short,2021-02-01 03:00:00,2021-02-02 08:00:00,1860.275,1850.155,29,0.5420872585188752,0.9398875959333183,0.6499039120560157,-0.2734541936004087
long,2021-02-02 08:00:00,2021-02-08 16:00:00,1850.155,1832.625,100,-0.4643205433187636,0.9356525066885002,0.0,-3.481329942626432
short,2021-02-08 16:00:00,2021-02-08 17:00:00,1832.625,1831.155,2,0.12467018905586436,0.9346215229277212,0.0802128094945842,0.0
long,2021-02-08 17:00:00,2021-02-09 01:00:00,1831.155,1841.249,8,-0.08365867009398897,0.9348697522447035,0.5512367877104962,-0.07754668501575024
short,2021-02-09 01:00:00,2021-02-09 18:00:00,1841.249,1837.405,18,0.18418343116073377,0.939188548452262,0.3521522618613715,-0.29941632011747377
long,2021-02-09 18:00:00,2021-02-09 21:00:00,1837.405,1836.035,4,0.210725873675921,0.9400974128042354,0.026123799597810304,-0.0859908403427645
short,2021-02-09 21:00:00,2021-02-09 23:00:00,1836.035,1836.445,2,0.06294759217007062,0.9400252512067019,0.0,-0.022330728989361504
long,2021-02-09 23:00:00,2021-02-10 02:00:00,1836.445,1843.145,4,0.13977634268680372,0.9414114465855464,0.3648353204152688,0.0
short,2021-02-10 02:00:00,2021-02-11 16:00:00,1843.145,1826.415,38,0.3650801201834808,0.9460155267192325,0.9076876751422214,-0.4300801076420946
long,2021-02-11 16:00:00,2021-02-23 02:00:00,1826.415,1812.928,165,-0.7412058960770906,0.9410750775546306,0.09214773203243265,-3.2478927297465265
short,2021-02-23 02:00:00,2021-02-23 06:00:00,1812.928,1808.255,5,-0.08369117409293692,0.9394067626933122,0.2577598227839206,0.0
long,2021-02-23 06:00:00,2021-03-17 22:00:00,1808.255,1748.384,381,-3.6852828699963536,0.9068953732402091,0.19648777412477614,-7.102980497772715
short,2021-03-17 22:00:00,2021-03-18 08:00:00,1748.384,1736.578,11,0.5842781644180839,0.9130390474821453,0.6920104507934122,-0.34380319197613307
long,2021-03-18 08:00:00,2021-03-19 18:00:00,1736.578,1742.518,34,0.3034079517570287,0.9159295416708417,0.404070534119394,-0.7851072626740674
short,2021-03-19 19:00:00,2021-03-22 00:00:00,1744.858,1735.338,3,-0.10528445725969116,0.9149652102240124,0.5456031379057813,0.0
long,2021-03-22 00:00:00,2021-03-26 20:00:00,1735.338,1731.118,113,-0.45878831480603566,0.9131937663807554,0.41087096577152593,-0.6661526457669931
short,2021-03-26 20:00:00,2021-03-29 01:00:00,1731.118,1731.805,3,-0.02104633309674142,0.9129118260329832,0.0,-0.0396853362971239
long,2021-03-29 01:00:00,2021-03-29 02:00:00,1731.805,1729.305,2,0.10370229484040205,0.9139554188749878,0.0,-0.14435805416891379
short,2021-03-29 02:00:00,2021-03-29 03:00:00,1729.305,1727.795,2,-0.0031114556824141104,0.9128834211860967,0.08731831573955962,0.0
long,2021-03-29 03:00:00,2021-04-01 13:00:00,1727.795,1728.618,80,-0.5689652175399629,0.9087553304377675,0.0476329657164154,-2.8693797585940484
short,2021-04-01 13:00:00,2021-04-13 06:00:00,1728.618,1727.538,151,0.11975507752133296,0.9122643228495155,0.3563540354201922,-1.6388814648464978
long,2021-04-13 06:00:00,2021-04-13 12:00:00,1727.538,1747.959,7,-0.0320543161158926,0.9105330743606376,1.1820868773943172,-0.1003161724951851
short,2021-04-13 12:00:00,2021-06-03 14:00:00,1747.959,1869.305,836,-7.572317984537225,0.84749455485882,0.7357724065610305,-9.565956638571027
long,2021-06-03 14:00:00,2021-06-04 04:00:00,1869.305,1866.718,14,-0.18817393791485948,0.8468973522102738,0.18044139399402415,-0.5166091140825113
short,2021-06-04 11:00:00,2021-06-11 17:00:00,1884.418,1877.075,120,-0.20114545770486547,0.8451938566548801,0.4850303913462861,-0.8982614260742539
long,2021-06-11 17:00:00,2021-07-06 04:00:00,1877.075,1803.875,367,-4.0196833519158925,0.8106863322607837,0.0,-6.530745974454932
short,2021-07-06 05:00:00,2021-07-06 15:00:00,1804.728,1794.188,11,0.22709207534052922,0.8125273366772168,0.584021525681433,-0.3239823397209962
long,2021-07-06 15:00:00,2021-07-07 06:00:00,1794.188,1805.348,15,0.31664667669106805,0.8164172514099866,0.6220083959986189,0.0
short,2021-07-07 08:00:00,2021-07-07 16:00:00,1806.408,1803.098,9,0.18506774449873475,0.8179281764028696,0.2657207009712059,-0.01267709177550369
long,2021-07-07 16:00:00,2021-07-07 20:00:00,1803.098,1805.138,5,-0.0938293296976922,0.8167304737414506,0.11313860921591257,-0.0016638030767013312
short,2021-07-07 20:00:00,2021-07-08 01:00:00,1805.138,1798.215,5,0.0514670227568903,0.8183355239653897,0.383516384896887,0.0
long,2021-07-08 01:00:00,2021-07-08 07:00:00,1798.215,1813.298,7,0.3754577181456664,0.8223001632679455,0.8387762308734059,-0.04710226530197925
short,2021-07-08 08:00:00,2021-07-08 14:00:00,1812.758,1796.598,7,0.33952723855168454,0.8250920963048952,0.8914593122744452,-0.24824052631404747
long,2021-07-08 14:00:00,2021-07-08 23:00:00,1796.598,1800.608,9,0.2312680093303321,0.8294770360938352,0.3924083183884264,0.0
short,2021-07-08 23:00:00,2021-07-09 00:00:00,1800.608,1806.078,2,0.41257093509259324,0.8317472744352816,0.0,-0.30378627663545377
long,2021-07-09 00:00:00,2021-07-09 01:00:00,1806.078,1806.268,2,0.23306737112800402,0.8314102764159695,0.010520032911087718,0.0
short,2021-07-09 01:00:00,2021-07-09 06:00:00,1806.268,1804.458,6,0.7088259821343312,0.837642915222173,0.4379195113903389,0.0
long,2021-07-09 06:00:00,2021-07-09 07:00:00,1804.458,1802.448,2,0.2940501891508962,0.8375172687848897,0.0,-0.11139078881303721
short,2021-07-09 09:00:00,2021-07-09 11:00:00,1802.878,1802.268,3,0.3092451026970311,0.8401072499228489,0.15308856173296137,0.0
long,2021-07-09 11:00:00,2021-07-09 13:00:00,1802.268,1808.295,3,-0.10534968612668782,0.8384725984975397,0.3344119742457963,0.0
short,2021-07-09 13:00:00,2021-07-12 13:00:00,1808.295,1805.188,22,1.2985775864874594,0.8517391482711082,0.8846454809641191,-0.20699056293358442
long,2021-07-12 13:00:00,2021-07-12 15:00:00,1805.188,1805.578,3,0.6233021076673895,0.8511836336247957,0.021604397990682145,-0.0068136947509067625
short,2021-07-12 15:00:00,2021-08-05 13:00:00,1805.578,1802.775,407,-0.1303696184292935,0.8505707799477421,0.6153154280789774,-1.4704432597206996
long,2021-08-05 13:00:00,2021-08-17 06:00:00,1802.775,1792.758,174,-0.8684218752649575,0.84384570581144,0.22592946984509865,-4.488080875317224
short,2021-08-17 06:00:00,2021-08-17 13:00:00,1792.758,1783.258,8,-0.342997325724681,0.8420735569565934,0.5299097814652098,-0.11546455238240494
long,2021-08-17 13:00:00,2021-08-18 03:00:00,1783.258,1789.298,14,0.0209837235428445,0.8455030735885272,0.4428411368405438,-0.0493478789945212
short,2021-08-18 03:00:00,2021-08-18 08:00:00,1789.298,1788.028,6,0.09563510497587746,0.8461496981855879,0.08886166530113204,-0.13301305875266234
long,2021-08-18 08:00:00,2021-08-23 03:00:00,1788.028,1787.548,63,-0.09252102084844616,0.8454691788925529,0.0531311590198813,-0.5967468070969817
short,2021-08-23 07:00:00,2021-08-25 14:00:00,1787.837,1789.045,54,0.25998867158112393,0.8476673029793835,0.19571135399927275,-1.1112869909281509
long,2021-08-25 14:00:00,2021-08-25 18:00:00,1789.045,1790.738,5,0.39362525752184574,0.8490196393683216,0.17456240619995178,0.0
short,2021-08-25 19:00:00,2021-08-26 03:00:00,1790.508,1786.928,8,0.07494300943400312,0.8496559202367499,0.19994325632725074,-0.05847502496498791
long,2021-08-26 03:00:00,2021-08-26 11:00:00,1786.928,1784.018,9,-0.010330795498603162,0.8502178204314108,0.08114484747006045,-0.1628493145778731
long,2021-08-26 12:00:00,2021-08-26 16:00:00,1785.869,1791.438,5,0.4231688706259007,0.8538156775799906,0.3997493657149631,0.0
short,2021-08-26 17:00:00,2021-09-07 20:00:00,1790.918,1795.088,180,-0.16072699008727875,0.8524433653405229,0.0,-2.2427604167248427
long,2021-09-07 20:00:00,2021-09-07 23:00:00,1795.088,1798.255,3,-0.11664664970865157,0.8511778750967528,0.17642589109838624,0.0
short,2021-09-07 23:00:00,2021-09-10 20:00:00,1798.255,1787.028,68,0.40420939500676045,0.8561369549215083,0.6243274730224679,-0.2843311988566688
long,2021-09-10 20:00:00,2021-09-13 03:00:00,1787.028,1790.884,5,0.3055324212086097,0.8590200478630955,0.2913216804661056,0.0
short,2021-09-13 03:00:00,2021-09-13 07:00:00,1790.884,1790.815,5,0.1275561519561874,0.8597263042348621,0.13177849598299263,-0.1169254960120325
long,2021-09-13 07:00:00,2021-09-13 08:00:00,1790.815,1789.994,2,0.009565884547946268,0.8595973452892268,0.0,-0.04584504820431823
long,2021-09-13 10:00:00,2021-09-13 11:00:00,1789.767,1785.837,2,0.07288385766071048,0.8602238529948227,0.0,-0.2195816550422558
long,2021-09-13 12:00:00,2021-09-13 15:00:00,1793.818,1793.674,4,0.49268148164780534,0.8644620166192455,0.12320090443957987,-0.008027570244029114
short,2021-09-13 16:00:00,2021-09-14 10:00:00,1791.975,1784.264,18,0.21396266652555784,0.8663116426011046,0.4303073424573478,-0.07717741597956795
long,2021-09-14 10:00:00,2021-09-14 13:00:00,1784.264,1804.194,4,-0.20822479691192664,0.8659206956474806,1.1169871723018643,0.0
short,2021-09-14 13:00:00,2021-09-16 03:00:00,1804.194,1790.934,37,0.07189566820100524,0.8717106631103944,0.7349542233263118,-0.0816985313109253
long,2021-09-16 03:00:00,2021-10-06 18:00:00,1790.934,1764.305,332,-1.5973777796852606,0.8582083755045955,0.0,-3.7966781578773867
short,2021-10-06 23:00:00,2021-10-07 02:00:00,1762.695,1760.025,4,0.32450887427337705,0.8609933378428654,0.22579062174681308,0.0
long,2021-10-07 02:00:00,2021-10-07 07:00:00,1760.025,1760.685,6,0.6410094185010484,0.8661272726503039,0.33198392068294336,-0.20851976534425054
short,2021-10-07 07:00:00,2021-10-07 08:00:00,1760.685,1759.825,2,0.18438436625862753,0.865444504760104,0.04884462581323801,0.0
long,2021-10-07 08:00:00,2021-10-08 03:00:00,1759.825,1756.558,19,-0.12998096971009732,0.8650014720223894,0.1318312900430385,-0.27258392169675627
long,2021-10-08 04:00:00,2021-10-08 09:00:00,1757.325,1759.678,6,0.1208202167067629,0.8660465686754035,0.13389668957080048,-0.09429103893703328
short,2021-10-08 11:00:00,2021-10-08 14:00:00,1775.755,1758.498,4,0.08232742164737683,0.8667595624856596,0.9718119898296851,0.0
long,2021-10-08 14:00:00,2021-10-11 02:00:00,1758.498,1755.325,10,0.18263907316247163,0.8687647054391916,0.08342346707246318,-0.1804380784055537
short,2021-10-11 02:00:00,2021-10-11 03:00:00,1755.325,1756.678,2,0.2379179008439758,0.8691735167378928,0.0,-0.07707974306752075
long,2021-10-11 03:00:00,2021-10-12 02:00:00,1756.678,1758.218,23,0.13796516509538836,0.8699632980993413,0.10588166983362957,-0.33472269818374256
short,2021-10-12 03:00:00,2021-11-03 13:00:00,1757.555,1763.128,373,-0.8790999975508251,0.8623154507670568,0.050467837421885875,-3.089462349684635
long,2021-11-03 13:00:00,2021-11-04 12:00:00,1763.128,1795.674,23,1.2077687211710764,0.8748795917321426,1.8459238353653262,-0.0686280292752417
short,2021-11-04 12:00:00,2021-11-22 15:00:00,1795.674,1815.608,276,-1.7130833482367214,0.8616692458858497,0.267309099535884,-4.3679420652078305
long,2021-11-22 15:00:00,2021-11-26 06:00:00,1815.608,1807.898,80,-0.9959359369538623,0.854621986989212,0.0,-1.8588814325559255
short,2021-11-26 07:00:00,2021-11-26 08:00:00,1802.798,1809.625,2,0.6165596484393854,0.8598912413076784,0.0,-0.3786891265688208
long,2021-11-26 08:00:00,2021-11-26 09:00:00,1809.625,1809.468,2,0.3271744078027661,0.8597078542621537,0.0,-0.008675830627891123
short,2021-11-26 09:00:00,2021-11-26 14:00:00,1809.468,1797.548,6,0.5084959090572827,0.8642637530920698,0.6587571595629282,-0.11810101090485858
long,2021-11-26 14:00:00,2021-12-13 11:00:00,1797.548,1789.845,245,-0.6272921963941469,0.8595287261861202,0.26257991441676065,-1.9066528404248384
long,2021-12-13 13:00:00,2021-12-16 06:00:00,1788.848,1784.438,63,0.06251266122427879,0.8600660404668463,0.0,-1.464629750543367
short,2021-12-16 08:00:00,2022-01-06 13:00:00,1785.445,1791.698,325,-0.012626703919504934,0.8599574424744043,0.08608498161523093,-2.504305649291916
long,2022-01-06 13:00:00,2022-01-07 04:00:00,1791.698,1790.578,15,0.18752065133327278,0.8602027676272171,0.05358045831382885,-0.22660068828564972
long,2022-01-07 06:00:00,2022-01-07 09:00:00,1789.768,1791.208,4,0.14443429133697006,0.8614451953987006,0.17879412303718478,0.0
long,2022-01-07 10:00:00,2022-01-07 11:00:00,1793.238,1789.218,2,0.08329959155246591,0.8621627757279161,0.0,-0.2241754859087286
long,2022-01-07 12:00:00,2022-01-07 17:00:00,1789.088,1796.325,6,0.33876783074533456,0.8650835058607433,0.40450777155736084,-0.002235775993131295
short,2022-01-07 20:00:00,2022-01-10 00:00:00,1795.808,1794.835,3,0.058347566564354025,0.8655882610351627,0.08909638446871204,0.0
short,2022-01-10 02:00:00,2022-01-10 03:00:00,1792.008,1792.318,2,0.0964775816417518,0.8664233596563843,0.0,-0.017299029915052166
short,2022-01-10 06:00:00,2022-01-10 07:00:00,1793.578,1796.258,2,0.07532826017362382,0.8670760212989513,0.0,-0.14942199335630235
long,2022-01-10 07:00:00,2022-01-10 08:00:00,1796.258,1796.705,2,0.06443405433107507,0.8666001907787333,0.024885066621815888,0.0
short,2022-01-10 08:00:00,2022-01-10 12:00:00,1796.705,1792.875,5,0.2552838378319988,0.8692895262430442,0.2775636512393431,-0.20999551957612272
long,2022-01-10 12:00:00,2022-01-10 19:00:00,1792.875,1800.868,8,0.4621105238860279,0.873004933218829,0.4458202607543704,0.0
short,2022-01-10 20:00:00,2022-01-27 06:00:00,1801.258,1810.828,280,-0.6132325094456048,0.8676513831592673,0.009437848437043872,-2.822804950762192
long,2022-01-27 06:00:00,2022-02-07 09:00:00,1810.828,1810.274,163,0.14721828759072242,0.8690838824791529,0.28053465044719506,-1.5511688575612914
short,2022-02-07 09:00:00,2022-02-07 10:00:00,1810.274,1813.468,2,0.2292554845833239,0.8703560861221269,0.0,-0.17643737909289747
long,2022-02-07 10:00:00,2022-02-07 11:00:00,1813.468,1813.138,2,0.1345588812422971,0.870253312028474,0.0,-0.018197178003698244
short,2022-02-07 11:00:00,2022-02-07 14:00:00,1813.138,1815.764,4,0.02018806155166253,0.8705317941445119,0.0,-0.1448317778348862
long,2022-02-07 14:00:00,2022-02-07 17:00:00,1815.764,1821.048,4,0.20623829502151025,0.8716874046247819,0.2910069810834415,0.0
short,2022-02-07 17:00:00,2022-03-15 05:00:00,1821.048,1928.103,580,-5.883156815600343,0.8211760881435302,0.20757278226603004,-13.635554911237936
long,2022-03-15 05:00:00,2022-03-16 20:00:00,1928.103,1925.453,39,0.023510981418572996,0.8207015982101399,0.34572841803575116,-1.067370363512743
short,2022-03-17 02:00:00,2022-03-18 17:00:00,1936.228,1923.568,39,-0.09897602423578622,0.8198893003973919,0.6538486170017177,-0.6309174332774781
long,2022-03-18 17:00:00,2022-03-21 14:00:00,1923.568,1934.91,19,0.15342886485214535,0.8238575457206428,0.5896334312070151,-0.18767207605865366
short,2022-03-21 19:00:00,2022-03-22 08:00:00,1935.478,1925.073,13,0.5197491261983878,0.8281395381156454,0.5639433772949065,-0.06112185206961218
long,2022-03-22 08:00:00,2022-03-23 13:00:00,1925.073,1931.733,29,0.5008567777871731,0.8323165323450018,0.5194608204468043,-0.5137467514218952
long,2022-03-23 14:00:00,2022-03-23 16:00:00,1929.298,1936.523,3,0.15578998985716908,0.8336131981863216,0.3744885445379653,0.0
short,2022-03-23 18:00:00,2022-03-28 06:00:00,1946.653,1933.153,56,0.2241578401454447,0.8354818075265434,0.6934980194210238,-0.9393045396380417
long,2022-03-28 06:00:00,2022-04-11 00:00:00,1933.153,1944.188,221,0.5941515608723913,0.8408198127668962,0.7234295474801922,-1.867622479958908
short,2022-04-11 00:00:00,2022-04-20 04:00:00,1944.188,1942.155,141,-0.07706944077791045,0.8400136644746232,0.1481338224492701,-2.613121776289118
long,2022-04-20 04:00:00,2022-04-20 08:00:00,1942.155,1948.758,5,0.12855856948941202,0.8417934757757436,0.33998316303283094,-0.0387713647983734
short,2022-04-20 09:00:00,2022-04-22 12:00:00,1953.062,1943.112,50,0.8787717750241786,0.8491909192448559,0.9100581548358355,-0.23296751460015752
long,2022-04-22 12:00:00,2022-05-20 06:00:00,1943.112,1844.028,447,-4.3650295415947005,0.8097667663474302,0.0,-7.735220615178129
short,2022-05-20 06:00:00,2022-05-20 07:00:00,1844.028,1845.548,2,0.27748305031329856,0.8101911126447848,0.0,-0.08242824946258498
long,2022-05-20 07:00:00,2022-05-23 00:00:00,1845.548,1848.838,15,0.40522882814302275,0.8130481747253915,0.3676956654608876,-0.5060827461545236
short,2022-05-23 03:00:00,2022-05-25 15:00:00,1854.148,1845.014,59,0.3653610281176167,0.8160187358956598,0.4926251841816276,-0.8084575772807856
long,2022-05-25 15:00:00,2022-05-25 18:00:00,1845.014,1854.968,4,0.3975557254393802,0.8198125332768905,0.539508101293551,0.0
short,2022-05-25 18:00:00,2022-05-26 05:00:00,1854.968,1846.758,11,0.708628331208816,0.8260523391859118,0.614835404168701,0.0
long,2022-05-26 05:00:00,2022-05-26 17:00:00,1846.758,1851.733,13,0.12649225604277614,0.8259140787741581,0.2693910084591522,-0.19520695185833992
short,2022-05-26 17:00:00,2022-05-31 15:00:00,1851.733,1845.808,64,0.37670988337199507,0.8303360073335923,0.4457986113548751,-0.5554256472180441
long,2022-05-31 15:00:00,2022-06-01 16:00:00,1845.808,1847.688,25,0.17188803102132777,0.8309625930924169,0.10185241368549924,-0.8787479521163655
short,2022-06-01 18:00:00,2022-06-06 23:00:00,1847.178,1838.938,72,0.4390880143119391,0.8346112502421014,0.44608586719850907,-1.4015974638069473
long,2022-06-06 23:00:00,2022-06-07 08:00:00,1838.938,1847.184,10,0.2944986822662088,0.8374797303626138,0.4484109850359186,-0.009244466099456172
short,2022-06-07 08:00:00,2022-06-10 12:00:00,1847.184,1833.638,74,0.13885652250817948,0.8392060707497885,0.7333324671499941,-0.6043794229486643
long,2022-06-10 12:00:00,2022-06-10 14:00:00,1833.638,1867.173,3,0.9139179110571272,0.8492046796240692,1.8288778919285154,0.0
short,2022-06-10 15:00:00,2022-06-13 15:00:00,1871.608,1828.668,22,2.0251946413372135,0.8664027272898006,2.367215784501875,-0.09483823535698654
long,2022-06-13 15:00:00,2022-06-16 18:00:00,1828.668,1852.048,73,0.8985125732307475,0.8745310918807824,1.2785262278335985,-1.176375372675631
short,2022-06-16 18:00:00,2022-06-17 17:00:00,1852.048,1836.588,23,0.5861050847678628,0.8812718035435321,0.8347515831123142,-0.2786104895769581
long,2022-06-17 17:00:00,2022-06-20 04:00:00,1836.588,1842.188,9,0.2989089236327347,0.8843180882583141,0.3887643826486986,0.0
long,2022-06-20 07:00:00,2022-07-27 18:00:00,1839.598,1734.278,619,-5.7484404906952165,0.8334835892063314,0.26962412440110217,-8.536647680634568
short,2022-07-27 22:00:00,2022-08-19 00:00:00,1738.628,1754.468,365,-1.3185842533999903,0.8224934058443836,0.1409157105487724,-3.640226661482493
long,2022-08-19 00:00:00,2022-08-25 04:00:00,1754.468,1756.938,95,0.057277269684674614,0.8236009141884968,0.16563425494222628,-1.371925848747324
short,2022-08-25 06:00:00,2022-08-25 13:00:00,1762.344,1755.928,8,0.5071997456110866,0.8277782159301114,0.512953203233868,-0.04885538805137202
long,2022-08-25 13:00:00,2022-09-09 08:00:00,1755.928,1727.244,243,-1.4639622405109631,0.8146853662507987,0.154106546509869,-3.6278822366292984
short,2022-09-09 10:00:00,2022-09-09 11:00:00,1720.9,1718.718,2,0.16670283047166556,0.8160434698157771,0.12679411935615503,0.0
long,2022-09-09 11:00:00,2022-09-12 09:00:00,1718.718,1727.128,20,0.2015086775222219,0.8189716560933877,0.48931820112432245,-0.3479337506210989
short,2022-09-12 12:00:00,2022-09-12 13:00:00,1725.778,1730.018,2,0.42280868836932495,0.8224343394106327,0.0,-0.24568629337029524
long,2022-09-12 13:00:00,2022-09-12 15:00:00,1730.018,1731.728,3,0.5539720795027181,0.8252111369386648,0.23329237036839867,0.0
short,2022-09-12 15:00:00,2022-09-12 18:00:00,1731.728,1724.428,4,0.22694249422032797,0.8262238232714033,0.4215442609924902,0.0
long,2022-09-12 18:00:00,2022-09-13 09:00:00,1724.428,1728.118,15,-0.04875809896760508,0.8271820802276577,0.2139839993319459,-0.18672858478290255
short,2022-09-13 11:00:00,2022-09-13 12:00:00,1703.729,1706.514,2,1.6207356263467032,0.8405885148966632,0.0,-0.16346496420498458
long,2022-09-13 12:00:00,2022-09-30 07:00:00,1706.514,1671.895,291,-1.8479918675526785,0.8239552200257502,0.0,-5.270510526136906
short,2022-09-30 08:00:00,2022-09-30 09:00:00,1667.465,1665.745,2,0.11647669722545384,0.824914935852653,0.10315059086697387,0.0
long,2022-09-30 09:00:00,2022-10-03 14:00:00,1665.745,1690.265,27,1.1197220427580312,0.8352635901551881,1.4720140237551416,-0.34621145493456407
short,2022-10-03 15:00:00,2022-10-10 08:00:00,1691.025,1680.335,107,0.5318120192001619,0.8397056223196362,0.6444020638370351,-2.0675625729956737
long,2022-10-10 08:00:00,2022-10-11 16:00:00,1680.335,1678.148,32,-0.017212505429642366,0.8397095755201895,0.06623679206825273,-1.0634784135306385
short,2022-10-11 17:00:00,2022-10-11 18:00:00,1667.185,1666.365,2,0.558506498676814,0.8443994080694813,0.0491847035571924,0.0
long,2022-10-11 18:00:00,2022-10-12 13:00:00,1666.365,1670.078,19,0.16424520556355127,0.8464564327319158,0.33906137010799586,-0.17523171694077133
short,2022-10-12 14:00:00,2022-10-13 12:00:00,1669.428,1648.545,22,0.5142301670972405,0.8508091670603585,1.2509074964598632,-0.5540819969474642
long,2022-10-13 12:00:00,2022-10-14 04:00:00,1648.545,1668.182,16,0.7398026081750331,0.8604358643469615,1.3854034921703562,0.0
long,2022-10-14 07:00:00,2022-10-17 13:00:00,1660.618,1661.748,28,-0.15473925644169384,0.8591044322883133,0.35167630364119074,-1.1098277870045914
long,2022-10-17 14:00:00,2022-10-25 00:00:00,1663.218,1649.958,123,-0.5233060124140154,0.8546086871412333,0.0,-2.572783603833062
long,2022-10-25 01:00:00,2022-10-25 15:00:00,1649.148,1653.135,15,0.32990341922065625,0.857428070421069,0.6045545942510833,-0.5694455561295775
short,2022-10-25 20:00:00,2022-10-28 12:00:00,1652.238,1646.577,62,0.7297744041347975,0.863685361012869,0.5501628699981609,-1.2467937427900866
long,2022-10-28 12:00:00,2022-11-01 09:00:00,1646.577,1650.848,42,0.3875158026915182,0.865486327662114,0.2593865941282969,-0.8841979451917559
short,2022-11-01 11:00:00,2022-11-01 14:00:00,1653.778,1644.445,4,0.33529220448007546,0.8683882358496059,0.5643441864627619,0.0
long,2022-11-01 14:00:00,2022-11-02 02:00:00,1644.445,1650.597,12,0.4297043401775502,0.8727490901485895,0.4532228198571575,0.0
short,2022-11-02 02:00:00,2022-11-02 15:00:00,1650.597,1647.538,14,0.35481205878851174,0.8754190801349179,0.26105705996072315,-0.37568225314841275
long,2022-11-02 15:00:00,2022-11-04 05:00:00,1647.538,1647.078,37,-0.0043161941829295,0.8749796305834747,0.15410873679393422,-1.7832669109908328
short,2022-11-04 08:00:00,2023-02-02 19:00:00,1645.858,1912.775,1417,-14.375486446468654,0.7491970523795858,0.0,-18.913357045383016
long,2023-02-02 19:00:00,2023-02-03 01:00:00,1912.775,1916.335,6,0.24611597320478573,0.7514391414020807,0.25774071702107104,-0.05332566559056451
short,2023-02-03 01:00:00,2023-02-03 07:00:00,1916.335,1912.015,7,0.17153231516942036,0.7524164655481597,0.22543031359338883,0.0
long,2023-02-03 08:00:00,2023-02-03 09:00:00,1913.115,1911.805,2,0.027515921427800905,0.7526234998716297,0.0,-0.06847471270675642
long,2023-02-03 10:00:00,2023-02-03 11:00:00,1914.395,1915.108,2,0.10543567852827618,0.7534170335654826,0.0372441424052905,0.0
long,2023-02-03 13:00:00,2023-03-03 00:00:00,1882.515,1838.685,442,-2.5398519096065275,0.7342813566511689,0.3686557610430574,-3.968095871746047
long,2023-03-03 01:00:00,2023-03-03 06:00:00,1838.545,1842.645,6,0.2135271822628848,0.7358492469419078,0.25123127255519684,-0.010878167246386461
short,2023-03-03 07:00:00,2023-03-03 15:00:00,1844.144,1847.715,9,0.03376494300275645,0.736097706020724,0.031450906219898656,-0.2278021672927899
long,2023-03-03 15:00:00,2023-03-03 16:00:00,1847.715,1847.285,2,0.14054529891120993,0.7360481298821532,0.0,-0.02327198729240587
short,2023-03-03 16:00:00,2023-03-07 10:00:00,1847.285,1841.875,40,0.1425134855655985,0.7371467445187425,0.29286222753933666,-0.480164132767813
long,2023-03-07 10:00:00,2023-03-10 14:00:00,1841.875,1862.975,74,0.5190758573641485,0.7416059157581467,1.1455717678995558,-1.7475127248048783
short,2023-03-10 14:00:00,2023-04-19 10:00:00,1862.975,1970.475,607,-6.284479184491143,0.6969715844976082,0.4165380641178773,-9.847689850910513
long,2023-04-19 10:00:00,2023-04-19 13:00:00,1970.475,1992.675,4,0.7241720392494599,0.703091956032497,1.1266319034750616,0.0
short,2023-04-19 13:00:00,2023-04-21 12:00:00,1992.675,1973.645,46,-0.7501217415654016,0.6987820850501543,0.9549976789993364,-0.7005658223242728
long,2023-04-21 12:00:00,2023-04-24 23:00:00,1973.645,1996.805,32,0.26006637062219173,0.7062140025757944,1.1734633128044791,0.0
short,2023-04-25 00:00:00,2023-04-25 08:00:00,1997.085,1987.964,9,0.35839827622408116,0.7087450613874792,0.45671566307894373,0.0
long,2023-04-25 08:00:00,2023-04-25 18:00:00,1987.964,1999.008,11,0.3198147945528529,0.7113660601195103,0.5555432593346898,-0.5271222215291638
short,2023-04-25 19:00:00,2023-04-26 16:00:00,1996.698,1988.225,21,0.6675174711187948,0.7161145528544175,0.510993650517011,-0.31131397937995686
long,2023-04-26 16:00:00,2023-04-27 04:00:00,1988.225,1998.945,12,0.6267366901527627,0.720191750147143,0.5748846332784385,-0.014082913151181042
short,2023-04-27 04:00:00,2023-04-27 12:00:00,1998.945,1981.664,9,0.42259228072218935,0.7232352406236087,0.8645060269292015,-0.1505794306496666
long,2023-04-27 12:00:00,2023-05-01 13:00:00,1981.664,1984.175,46,1.1539826125869457,0.7333111695623479,1.1169401069000662,-0.22450829202125266
short,2023-05-01 13:00:00,2023-05-01 14:00:00,1984.175,1982.895,2,0.5181935397295501,0.7326182558765538,0.06451043884737606,0.0
long,2023-05-01 14:00:00,2023-05-02 15:00:00,1982.895,2015.015,25,1.4198368702332598,0.7437229919213328,1.6198537996212625,-0.1633974567488483
short,2023-05-02 15:00:00,2023-05-11 18:00:00,2015.015,2014.105,163,-0.16531474476723096,0.7429855895565607,0.5548842068173188,-2.0565107455775777
long,2023-05-11 18:00:00,2023-05-11 22:00:00,2014.105,2016.224,4,-0.011370559998857832,0.7432343641677236,0.10520802043587629,0.0
short,2023-05-11 22:00:00,2023-05-12 01:00:00,2016.224,2010.694,4,0.07115565245094935,0.7441414578969628,0.2742750805466043,0.0
long,2023-05-12 01:00:00,2023-05-15 01:00:00,2010.694,2013.415,22,0.23078540920902224,0.7465390530595453,0.46302420955153245,-0.3953361376718756
short,2023-05-15 02:00:00,2023-05-16 10:00:00,2013.914,2005.424,32,0.07937394565098455,0.7471316105617841,0.42156715728676186,-0.33765096225557567
long,2023-05-16 10:00:00,2023-06-02 02:00:00,2005.424,1982.375,286,-1.5405346953799692,0.7368332422944748,0.3246196315592087,-3.595199818093331
short,2023-06-02 02:00:00,2023-06-02 06:00:00,1982.375,1975.955,5,-0.0770083252940923,0.737231302456469,0.32385396304938086,0.0
long,2023-06-02 06:00:00,2023-06-09 06:00:00,1975.955,1963.014,114,-0.5809265439582489,0.7340489707688135,0.22212044302629685,-1.8340498644959013
short,2023-06-09 06:00:00,2023-06-09 07:00:00,1963.014,1962.028,2,0.016914044982097032,0.7334601620922662,0.05022888272828707,0.0
long,2023-06-09 07:00:00,2023-06-09 11:00:00,1962.028,1962.815,5,0.12563457196050898,0.7349711900512195,0.22104679443921693,-0.011365790906137097
long,2023-06-09 12:00:00,2023-06-12 09:00:00,1961.485,1964.015,19,0.08302025474966612,0.7355813650055366,0.18093434311250434,-0.28753724856421803
long,2023-06-12 12:00:00,2023-06-13 08:00:00,1951.935,1963.048,20,0.03876424074111817,0.7358665075367142,0.6209223155484223,0.0
short,2023-06-13 11:00:00,2023-06-13 12:00:00,1961.285,1954.005,2,-0.2966836007733398,0.7336833122852693,0.37118521785461933,0.0
long,2023-06-13 12:00:00,2023-06-16 07:00:00,1954.005,1962.998,65,-0.1327057726326908,0.7356602130066552,0.46023423686223364,-1.3096179385416185
short,2023-06-16 07:00:00,2023-06-16 14:00:00,1962.998,1956.195,8,-0.190441969436983,0.7350679268109738,0.3465617387282127,-0.12924108939489365
long,2023-06-16 14:00:00,2023-07-12 01:00:00,1956.195,1939.924,390,-1.3465608411531327,0.726829878428056,0.15080296187242048,-3.077402815159025
short,2023-07-12 01:00:00,2023-07-27 16:00:00,1939.924,1948.735,265,-0.2358276521329361,0.7262841031760899,0.29686729995608285,-2.3965371839309135
long,2023-07-27 16:00:00,2023-07-28 02:00:00,1948.735,1954.125,10,0.35499212206784314,0.7273787853575256,0.2765896851034233,-0.26837923062908997
short,2023-07-28 03:00:00,2023-07-28 08:00:00,1951.815,1951.815,6,0.21073114952470107,0.7289115990333084,0.12245012975102831,-0.04252452204742685
short,2023-07-28 10:00:00,2023-08-01 14:00:00,1956.458,1944.165,49,0.15864523031767774,0.7300679825184071,0.6283293584631089,-0.7593825167726553
long,2023-08-01 14:00:00,2023-08-01 23:00:00,1944.165,1949.125,9,0.3717951430527666,0.7339033344587856,0.4053153924692632,-0.07561086636165282
short,2023-08-01 23:00:00,2023-08-02 00:00:00,1949.125,1947.625,2,0.10452390817963231,0.7337932489586169,0.07695760918360328,0.0
long,2023-08-02 02:00:00,2023-08-02 03:00:00,1949.215,1946.315,2,0.025936701050377486,0.733983570719927,0.0,-0.14877784133612293
long,2023-08-02 04:00:00,2023-08-02 05:00:00,1948.855,1948.975,2,0.10046612954415224,0.7347209756049193,0.0061574616890380796,0.0
short,2023-08-02 09:00:00,2023-08-02 12:00:00,1952.545,1944.995,4,0.1301534403748139,0.7356772402318246,0.38667482695662336,0.0
long,2023-08-02 12:00:00,2023-08-23 16:00:00,1944.995,1917.915,344,-1.2969415959584785,0.7265629729366363,0.0,-3.0647893696384765
short,2023-08-23 16:00:00,2023-08-24 12:00:00,1917.915,1915.965,20,0.22671469595607618,0.7277539308554579,0.18129062028295895,-0.18770383463293516
long,2023-08-24 12:00:00,2023-08-24 15:00:00,1915.965,1918.188,4,0.3891734752623277,0.7304659255647803,0.27448309337592125,0.0
short,2023-08-24 15:00:00,2023-08-24 16:00:00,1918.188,1917.025,2,0.022246073153464607,0.7298040361651393,0.06063013635785319,0.0
long,2023-08-24 16:00:00,2023-08-25 11:00:00,1917.025,1917.145,19,-0.04046201037771757,0.7301703643661726,0.0652052007668047,-0.2117864920906154
long,2023-08-25 12:00:00,2023-08-28 15:00:00,1915.228,1920.518,25,0.3607265962853434,0.7328042830686349,0.49132531479278985,-0.5577925970171704
long,2023-08-28 16:00:00,2023-08-28 22:00:00,1920.188,1921.155,6,-0.06669862221834189,0.7323155127082711,0.050359652284037715,-0.09441783825334671
short,2023-08-28 22:00:00,2023-08-29 12:00:00,1921.155,1920.888,15,0.3439215493140191,0.7352563665182584,0.22262649291702186,-0.2175774469004299
long,2023-08-29 12:00:00,2023-08-29 13:00:00,1920.888,1934.065,2,-0.5379296390281341,0.7299935557041561,0.6859848153562442,0.0
short,2023-08-29 13:00:00,2023-09-06 18:00:00,1934.065,1916.615,140,0.043324936457600494,0.7355749158718529,0.90224475392503,-0.8138299384974124
long,2023-09-06 18:00:00,2023-09-07 01:00:00,1916.615,1919.705,7,0.024439580433210928,0.7363479575704639,0.16122173728161382,-0.010278537943197996
short,2023-09-07 01:00:00,2023-09-12 12:00:00,1919.705,1909.145,79,0.41933478067295304,0.7397539674290935,0.5500845181941938,-0.4604874186398433
long,2023-09-12 12:00:00,2023-09-12 23:00:00,1909.145,1912.495,11,0.11988240357629909,0.7410570912502787,0.21910331588224086,0.0
short,2023-09-13 00:00:00,2023-09-13 01:00:00,1911.335,1908.945,2,-0.10943207416135303,0.7402461371046037,0.1250434905445741,0.0
long,2023-09-13 01:00:00,2023-09-13 10:00:00,1908.945,1912.215,10,0.014098879104129658,0.7414998726382721,0.18439504543086294,0.0
short,2023-09-13 11:00:00,2023-09-13 12:00:00,1912.195,1913.255,2,-0.02895215625401404,0.7412851924365226,0.0,-0.05543367700471258
long,2023-09-13 13:00:00,2023-09-13 14:00:00,1912.565,1910.355,2,-0.06605112581895556,0.740795565221389,0.0,-0.11555162831067278
long,2023-09-13 15:00:00,2023-09-14 17:00:00,1909.325,1908.155,26,-0.12141928889237708,0.7398960965139509,0.16812224215363436,-0.32891205007005153
short,2023-09-14 22:00:00,2023-09-21 14:00:00,1909.745,1917.375,107,-0.5575139849891775,0.7357710723014966,0.0,-1.9285297251727451
long,2023-09-21 15:00:00,2023-09-21 16:00:00,1919.425,1920.368,2,0.07688718623444224,0.7363367859761162,0.04912929653411169,0.0
short,2023-09-21 23:00:00,2023-09-25 15:00:00,1923.345,1916.645,38,0.11789270086017822,0.7372048733005305,0.3483514398092913,-0.24592571795492013
long,2023-09-25 15:00:00,2023-10-11 07:00:00,1916.645,1869.465,265,-2.625488477508453,0.7183385560358434,0.0,-5.303538213910253
short,2023-10-11 10:00:00,2023-10-12 16:00:00,1870.895,1868.875,30,-0.045604697622436685,0.7180109599094578,0.10796971502943231,-0.6713364459256077
long,2023-10-12 16:00:00,2023-10-13 03:00:00,1868.875,1876.178,11,-0.08044539402728423,0.7185932886105707,0.39076984817070226,-0.032104875928029575
short,2023-10-13 03:00:00,2023-11-08 18:00:00,1876.178,1948.095,422,-4.362952042531321,0.6884077421662279,0.0,-6.972792560194185
long,2023-11-08 18:00:00,2023-11-09 15:00:00,1948.095,1960.505,21,0.5172787650949084,0.6935301107991702,0.7592032216088063,-0.12217063336233958
short,2023-11-09 16:00:00,2023-11-10 12:00:00,1961.805,1946.015,20,0.5680580954804393,0.6974697647381592,0.804871024388254,-0.05912922028437073
long,2023-11-10 12:00:00,2023-11-14 14:00:00,1946.015,1964.315,48,1.1620160787952027,0.7062395649397918,1.1140715770433296,-0.6926976410767671
short,2023-11-14 14:00:00,2023-11-16 00:00:00,1964.315,1958.325,33,0.29032843708372,0.7072875896392434,0.3527947401511522,-0.4434115709547548
long,2023-11-16 00:00:00,2023-11-16 04:00:00,1958.325,1962.815,5,0.07618476914303951,0.7084727106586444,0.22927757139392657,0.0
short,2023-11-16 04:00:00,2023-12-11 08:00:00,1962.815,1993.345,385,-1.9906932728106508,0.6946872991025872,0.0,-6.773944564311973
long,2023-12-11 08:00:00,2023-12-11 12:00:00,1993.345,1993.625,5,-0.09957946307911358,0.6951371331275643,0.13996573598649142,-0.02257511870750184
short,2023-12-11 13:00:00,2023-12-11 14:00:00,1986.725,1982.245,2,0.07477660164776356,0.6956569330525088,0.22549673457574748,0.0
long,2023-12-11 14:00:00,2023-12-12 05:00:00,1982.245,1987.685,15,-0.01214212676590165,0.6973537097096396,0.274436308327175,-0.2809945289305782
long,2023-12-12 09:00:00,2023-12-12 12:00:00,1986.085,1984.325,4,0.09233528477841091,0.6979976132434128,0.11142524111504848,-0.08861654964414933
long,2023-12-12 13:00:00,2023-12-13 11:00:00,1981.755,1981.375,22,-0.10859032103047728,0.6972396553944067,0.06963524754572958,-0.3734063998829362
long,2023-12-13 13:00:00,2023-12-13 19:00:00,1981.795,2023.845,7,0.9060046763569085,0.7035566792776948,2.121813810207418,-0.027752618207244062
short,2023-12-13 19:00:00,2024-01-03 15:00:00,2023.845,2032.345,295,-1.0629732996011665,0.6998635033185294,0.2948348317188376,-3.162791616946947
long,2024-01-03 15:00:00,2024-01-03 23:00:00,2032.345,2042.065,8,0.46646063976913954,0.7033910037243509,0.519104777978141,0.0
short,2024-01-04 00:00:00,2024-01-04 01:00:00,2042.165,2044.555,2,-0.03489328477728204,0.7031455674983236,0.0,-0.11703265896731985
short,2024-01-04 02:00:00,2024-01-08 05:00:00,2044.518,2032.905,49,0.7367432382655581,0.7083259449220315,0.6765897879108973,-0.5002156987612638
long,2024-01-08 05:00:00,2024-01-09 03:00:00,2032.905,2032.795,22,0.09676474984670058,0.708449625613515,0.0640954692914919,-0.6891615692813935
long,2024-01-09 04:00:00,2024-01-09 07:00:00,2032.695,2034.145,4,0.12196410889502296,0.7093136798863646,0.15693451304794603,0.0
short,2024-01-09 11:00:00,2024-01-09 15:00:00,2036.255,2031.075,5,0.3747379471696233,0.7119717474093641,0.36930541607019807,-0.11197025912765834
long,2024-01-09 15:00:00,2024-01-10 09:00:00,2031.075,2034.698,18,0.2949648846978681,0.7134631713976368,0.22451165023447128,-0.32248932215698245
long,2024-01-10 12:00:00,2024-01-11 03:00:00,2030.185,2031.995,15,-0.05854071207569422,0.7130455049767028,0.08915443666464018,-0.3295266194952684
short,2024-01-11 05:00:00,2024-01-11 13:00:00,2033.945,2029.598,9,0.14213212404856623,0.714058971698359,0.22665312975522767,-0.014258005993283973
long,2024-01-11 13:00:00,2024-01-12 01:00:00,2029.598,2033.855,12,0.17517459025861992,0.7154317596040893,0.2723199372486551,-0.7549770939860978
short,2024-01-12 04:00:00,2024-01-16 17:00:00,2035.975,2025.025,57,0.39311628840297264,0.718244238383501,0.537825857390184,-1.0476553002860989
long,2024-01-16 17:00:00,2024-01-24 11:00:00,2025.025,2032.635,132,0.352801969575256,0.7210728458592832,0.4992530956407837,-1.003444401920972
long,2024-01-24 13:00:00,2024-01-29 13:00:00,2024.615,2024.645,69,0.691201822541121,0.7260569145117117,0.5991262536334085,-0.6174013330929595
short,2024-01-29 13:00:00,2024-01-29 14:00:00,2024.645,2025.365,2,0.5694893691255087,0.7260972188117992,0.0,-0.035561789844651415
long,2024-01-29 14:00:00,2024-01-30 06:00:00,2025.365,2037.815,16,0.43832848719527195,0.7292394288012676,0.6147040163131168,0.0
short,2024-01-30 07:00:00,2024-01-30 15:00:00,2038.215,2035.805,9,0.3758299409142962,0.7319801289156551,0.28210959099015387,-0.406875624014158
long,2024-01-30 15:00:00,2024-01-30 21:00:00,2035.805,2036.335,7,0.14603893788822653,0.7320660633802728,0.03389322651234927,-0.15423874094031564
short,2024-01-30 21:00:00,2024-02-05 03:00:00,2036.335,2031.825,74,0.10436918116674132,0.7329924411968846,0.23031573881507894,-1.1250604640199002
long,2024-02-05 03:00:00,2024-02-06 17:00:00,2031.825,2036.495,38,0.1967200178796702,0.7347885628155849,0.2524823742202198,-0.7850085514254479
short,2024-02-06 17:00:00,2024-02-08 12:00:00,2036.495,2021.005,42,0.3401938135471294,0.7373430087416976,0.7606205760387175,-0.2882403344962814
long,2024-02-08 12:00:00,2024-02-08 19:00:00,2021.005,2032.885,8,0.33263747030913837,0.7414310832005955,0.5878263537200556,0.0
short,2024-02-08 21:00:00,2024-02-09 13:00:00,2034.185,2025.105,16,0.20130218752443252,0.7429236001900643,0.4463704137037672,-0.0011306739554184375
long,2024-02-09 13:00:00,2024-02-19 06:00:00,2025.105,2020.825,130,-0.30420313898846807,0.741556473179212,0.15159707768239716,-1.8660760800057297
short,2024-02-19 06:00:00,2024-02-19 12:00:00,2020.825,2016.745,7,0.17677130000584018,0.7428771061850613,0.2048668241930951,0.0
long,2024-02-19 12:00:00,2024-02-20 04:00:00,2016.745,2018.405,14,0.08981861932950697,0.7437453506289845,0.1318957032247603,-0.09569876211419359
short,2024-02-20 07:00:00,2024-02-23 09:00:00,2022.735,2022.825,72,0.4826691058785304,0.7473351796628785,0.29712246043105406,-0.5141553391818654
long,2024-02-23 09:00:00,2024-02-23 10:00:00,2022.825,2023.785,2,0.19472476256556792,0.7467564123323457,0.047458381224285695,0.0
short,2024-02-23 10:00:00,2024-04-22 17:00:00,2023.785,2327.465,913,-13.682140162663625,0.6450837328965094,0.0,-19.902805881059482
long,2024-04-22 17:00:00,2024-04-22 22:00:00,2327.465,2333.665,5,-0.031696354535004634,0.6457554239411375,0.2663842420831175,-0.04640241636286735
short,2024-04-22 23:00:00,2024-04-23 01:00:00,2332.535,2301.735,3,1.5823095535558052,0.655973273706763,1.4477810622348652,0.0
long,2024-04-23 01:00:00,2024-04-23 15:00:00,2301.735,2330.204,15,1.0150967711586523,0.6619756152601651,1.2368495938932966,-0.26849311497632034
short,2024-04-23 17:00:00,2024-04-30 07:00:00,2324.118,2312.815,104,0.10494800370137725,0.6626703454533706,0.48633503118171717,-1.0798505067298736
long,2024-04-30 07:00:00,2024-05-09 20:00:00,2312.815,2346.205,173,1.1613113631111505,0.671909583010987,1.443695237189302,-1.2845817758878275
short,2024-05-09 20:00:00,2024-05-13 16:00:00,2346.205,2335.818,41,0.29654603438591387,0.6741675571079937,0.4444198183875758,-1.2127243783045305
long,2024-05-13 16:00:00,2024-05-14 01:00:00,2335.818,2340.315,9,0.23085368823492214,0.6761573074316907,0.258881471073491,0.0
short,2024-05-14 01:00:00,2024-05-23 14:00:00,2340.315,2346.018,173,-0.2932813735882389,0.673930525500738,0.09443173248046,-4.663047495743089
long,2024-05-23 14:00:00,2024-05-27 02:00:00,2346.018,2345.905,33,-0.033916730224536895,0.6738343187064485,0.0007246321213072449,-0.752040265675713
short,2024-05-27 05:00:00,2024-05-29 11:00:00,2341.298,2337.535,51,-0.14001855098638716,0.6728908256573467,0.16072281273037392,-0.84213970199436
long,2024-05-29 11:00:00,2024-05-31 12:00:00,2337.535,2348.025,48,0.5133491506789767,0.6777202527983784,0.7328232518443611,-0.545874179424044
long,2024-05-31 13:00:00,2024-06-03 19:00:00,2335.095,2350.405,28,-0.048603553167825275,0.6773908566749804,0.6556478430213897,-0.6428003999837117
short,2024-06-03 20:00:00,2024-06-04 07:00:00,2350.645,2333.225,11,0.1431473534637906,0.6783605237589164,0.7410731948039873,0.0
long,2024-06-04 07:00:00,2024-06-05 05:00:00,2333.225,2332.595,22,-0.14667717034324568,0.6794157390696433,0.20015214992123997,-0.6737455667584435
long,2024-06-05 06:00:00,2024-06-05 13:00:00,2331.485,2348.898,8,0.5105682884161133,0.6828846203798408,0.7468630508023821,0.0
short,2024-06-05 15:00:00,2024-06-07 10:00:00,2352.468,2336.485,42,0.9173278651696037,0.6891489112895427,0.8060896046194754,-1.4489888916661142
long,2024-06-07 10:00:00,2024-06-19 00:00:00,2336.485,2330.045,171,-0.22134599143927014,0.6869525847117799,0.045067697845269095,-2.066779799570717
long,2024-06-19 03:00:00,2024-06-20 01:00:00,2327.875,2333.658,20,0.3157961881435467,0.6891219547886532,0.35753637974547114,-0.07805401922353905
short,2024-06-20 02:00:00,2024-06-21 17:00:00,2333.805,2322.055,39,0.676992685781741,0.6937872600186886,0.6251593427899826,-1.3862769168803801
long,2024-06-21 17:00:00,2024-06-24 20:00:00,2322.055,2331.588,25,0.5790727580786914,0.6971604878395854,0.5022706180516812,-0.052970321547074484
long,2024-06-25 00:00:00,2024-06-25 09:00:00,2325.765,2335.218,10,0.09756136162053508,0.697840647104202,0.4064469110163671,-0.07653395764403159
long,2024-06-25 11:00:00,2024-06-28 11:00:00,2324.015,2335.365,70,0.05178600630455499,0.6982020309057071,0.5052893376333634,-1.1992177331041298
short,2024-06-28 11:00:00,2024-06-28 13:00:00,2335.365,2326.405,3,-0.06195067307706026,0.6984478479413856,0.38366593658805126,0.0
long,2024-06-28 13:00:00,2024-07-01 11:00:00,2326.405,2327.298,20,0.7427921881486776,0.7049694677320535,0.5012024991349229,-0.2003090605462221
short,2024-07-01 11:00:00,2024-07-01 12:00:00,2327.298,2327.015,2,0.38803305300270097,0.7046722781511943,0.012160024199736608,0.0
long,2024-07-01 12:00:00,2024-07-01 23:00:00,2327.015,2332.985,11,0.11147842760959037,0.7057553566098089,0.25655184861292923,-0.13192867256978102
short,2024-07-01 23:00:00,2024-07-02 03:00:00,2332.985,2327.155,5,0.2623226108716903,0.7080762216146833,0.3042025559530037,-0.043549358439931574
long,2024-07-02 03:00:00,2024-07-03 04:00:00,2327.155,2333.228,25,0.3525069734192199,0.7103984941316043,0.3095195635872905,-0.2823189688697214
short,2024-07-03 04:00:00,2024-07-25 01:00:00,2333.228,2372.528,358,-2.0881849175169,0.6954361498017738,0.0,-6.412446619018786
long,2024-07-25 01:00:00,2024-07-26 16:00:00,2372.528,2383.308,39,0.4917355139229862,0.7001725763677829,0.6961772421653301,-0.6955871542927872
long,2024-07-26 17:00:00,2024-07-26 18:00:00,2384.278,2386.205,2,0.010689774307603983,0.7002474232359602,0.08082111230318656,0.0
short,2024-07-26 19:00:00,2024-07-29 15:00:00,2386.765,2378.025,18,0.40323364022394337,0.7030710564112489,0.42178429799331063,-0.5481478067593581
long,2024-07-29 15:00:00,2024-07-30 04:00:00,2378.025,2388.645,13,0.35735664068068385,0.7054014139250111,0.44658908127541697,0.0
short,2024-07-30 05:00:00,2024-08-05 11:00:00,2390.185,2374.365,97,-0.5671680102388943,0.7014006027614555,0.6618734533101023,-3.452577938527779
long,2024-08-05 11:00:00,2024-08-05 20:00:00,2374.365,2408.785,10,0.9320752176238845,0.7118220672955393,1.5010329077458806,0.0
long,2024-08-06 05:00:00,2024-08-06 09:00:00,2401.518,2412.275,5,0.5787800112775798,0.7159419511369087,0.4899817532077577,0.0
long,2024-08-06 12:00:00,2024-08-08 14:00:00,2395.585,2418.578,49,0.6139085740487715,0.7203371801601502,0.9598073122013995,-0.5464218552044708
short,2024-08-08 14:00:00,2024-09-09 06:00:00,2418.578,2494.125,487,-3.0526407968037517,0.6999938982747897,0.06408724465368776,-4.598983369566745
long,2024-09-09 06:00:00,2024-09-09 07:00:00,2494.125,2492.105,2,0.20214120066956998,0.7003506573761789,0.0,-0.08099032726908151
short,2024-09-09 07:00:00,2024-10-08 15:00:00,2492.105,2608.885,484,-4.89070361388817,0.6657592713948679,0.0,-7.646547797945913
long,2024-10-08 15:00:00,2024-10-08 20:00:00,2608.885,2621.835,6,0.282471834597664,0.6688487940021464,0.5339445778560492,0.0
long,2024-10-09 02:00:00,2024-10-09 05:00:00,2617.085,2612.564,4,0.01952376487284191,0.6689793784680422,0.09514402474508632,-0.17274945215766113
long,2024-10-09 06:00:00,2024-10-09 08:00:00,2611.515,2617.905,3,0.10817749781204533,0.6697030636205475,0.24468555608527787,0.0
short,2024-10-09 11:00:00,2024-10-09 13:00:00,2618.765,2609.725,3,0.31920200916080166,0.6718407692550358,0.352456215047936,0.0
long,2024-10-09 13:00:00,2024-10-10 02:00:00,2609.725,2611.615,13,0.167973410177491,0.6731222245100639,0.20576880705820422,-0.1325810190728971
short,2024-10-10 03:00:00,2024-11-06 12:00:00,2613.725,2664.075,439,-3.245304749886957,0.651277356985494,0.0531808051726923,-6.685592401648988
long,2024-11-06 13:00:00,2024-11-07 16:00:00,2659.715,2699.235,27,1.154298214269045,0.6587950398871162,1.4858734864449774,-0.3910193385381566
short,2024-11-07 17:00:00,2024-11-08 16:00:00,2694.958,2687.778,23,0.722049845103423,0.6635518684521702,0.43796600911776284,-0.4388565610298878
long,2024-11-08 16:00:00,2024-11-21 10:00:00,2687.778,2671.335,200,-0.6134843813887625,0.6585443318576657,0.0,-5.374327790464828
short,2024-11-21 10:00:00,2024-11-21 12:00:00,2671.335,2665.325,3,0.2698519293509394,0.6608958487217579,0.30583958956851287,0.0
long,2024-11-21 12:00:00,2024-11-22 00:00:00,2665.325,2677.715,12,0.1340224563686654,0.6614437177611069,0.4648588821250854,-0.029264723814159677
short,2024-11-22 00:00:00,2024-11-25 03:00:00,2677.715,2672.305,26,-0.035364530237547154,0.6625707481738767,0.20988043910574739,-1.4224814814123077
long,2024-11-25 03:00:00,2024-11-29 10:00:00,2672.305,2659.495,98,-0.2983873210013477,0.6607400310838758,0.5381122289559004,-2.3182234063851226
short,2024-11-29 10:00:00,2024-11-29 13:00:00,2659.495,2653.385,4,-0.04909041946906667,0.6598423975101945,0.2297428647167865,-0.01165634829167761
long,2024-11-29 13:00:00,2024-11-29 17:00:00,2653.385,2652.548,5,0.33622016913628094,0.6633727720930592,0.3286368167453979,-0.031544611882572404
short,2024-11-29 17:00:00,2024-11-29 18:00:00,2652.548,2649.945,2,0.13904500195414116,0.6625229741878295,0.0981320601926794,0.0
long,2024-11-29 18:00:00,2024-12-04 05:00:00,2649.945,2649.125,54,-0.15331688978326152,0.6623557095912171,0.10615314657471675,-1.015492774378346
short,2024-12-04 05:00:00,2024-12-04 08:00:00,2649.125,2640.775,4,0.24244672799342837,0.6640422743178677,0.31519841457084974,0.0
long,2024-12-04 08:00:00,2024-12-04 11:00:00,2640.775,2636.945,4,0.4707791738553624,0.6674705025873386,0.2006986585377346,-0.1450331815470829
short,2024-12-04 11:00:00,2024-12-04 12:00:00,2636.945,2648.365,2,0.7191518532070784,0.6701600548852712,0.0,-0.4330769128669587
long,2024-12-04 12:00:00,2024-12-04 14:00:00,2648.365,2654.885,3,0.16839392810199527,0.6685944823855676,0.24618963020581752,0.0
short,2024-12-04 14:00:00,2024-12-05 17:00:00,2654.885,2629.455,27,0.7936780306446511,0.6756225640255702,1.0166165389461357,0.0
long,2024-12-05 17:00:00,2024-12-06 05:00:00,2629.455,2639.255,12,0.33080164732135486,0.6776586736704852,0.4807079794101776,-0.45716697946911466
short,2024-12-06 09:00:00,2024-12-06 10:00:00,2633.974,2638.295,2,0.3707730515323693,0.680171249413827,0.0,-0.16404869600079586
long,2024-12-06 10:00:00,2024-12-06 11:00:00,2638.295,2638.415,2,0.11897938146978593,0.680069223726415,0.004548392048642214,0.0
long,2024-12-06 13:00:00,2024-12-06 16:00:00,2635.405,2634.785,4,0.14751664816894383,0.6810724390504848,0.18555022852273506,-0.023525795845436015
long,2024-12-06 17:00:00,2024-12-06 18:00:00,2637.085,2634.695,2,0.05726971401509573,0.6814624872885646,0.0,-0.09063037406833452
long,2024-12-06 19:00:00,2024-12-09 01:00:00,2631.758,2645.925,5,0.43567869834741924,0.6844314741829094,0.5656675119824817,-0.03393169128772522
short,2024-12-09 01:00:00,2024-12-18 19:00:00,2645.925,2592.355,179,1.0346352181225482,0.6915322331887113,2.0246227689749374,-2.8821678619008306
long,2024-12-18 19:00:00,2024-12-26 10:00:00,2592.355,2627.738,103,0.879165213690225,0.7010730368691155,1.504153559215471,-0.3001517924821284
long,2024-12-26 11:00:00,2024-12-26 15:00:00,2626.515,2631.954,5,0.4463087465124138,0.7042019871521026,0.37269918504179156,-0.13748255768575302
short,2024-12-26 15:00:00,2024-12-26 16:00:00,2631.954,2629.205,2,0.0003570515326289936,0.7032554285578527,0.10444711419729247,0.0
long,2024-12-26 16:00:00,2024-12-26 18:00:00,2629.205,2634.765,3,0.057201923324834425,0.7046048042328453,0.21147076777960905,0.0
short,2024-12-26 19:00:00,2024-12-27 08:00:00,2634.115,2623.895,13,0.20346501643377923,0.7060384285135709,0.38798609779754356,-0.012641817080871753
long,2024-12-27 08:00:00,2025-01-02 01:00:00,2623.895,2634.498,62,0.20953111759860477,0.708310835715744,0.4040939138189703,-0.9268663570760283
short,2025-01-02 02:00:00,2025-01-06 07:00:00,2633.448,2631.385,51,0.42380089561080414,0.7113126633812157,0.25605214152699673,-1.1121161306393956
long,2025-01-06 07:00:00,2025-01-06 10:00:00,2631.385,2645.425,4,0.21719229078922542,0.71180328127446,0.5335593233221303,0.0
short,2025-01-06 11:00:00,2025-01-06 13:00:00,2645.198,2631.298,3,1.041250744243949,0.7192149382382832,0.7995620743702414,0.0
long,2025-01-06 13:00:00,2025-01-06 16:00:00,2631.298,2636.595,4,0.5854256372943567,0.7216486516741972,0.3534377330123739,0.0
long,2025-01-06 18:00:00,2025-01-06 21:00:00,2634.168,2634.465,4,0.027681447342908783,0.7218484144657112,0.06935776305838637,0.0
short,2025-01-07 01:00:00,2025-02-27 08:00:00,2638.498,2887.215,848,-8.457218281908363,0.6608001183898514,0.016789855440491053,-11.969575114326414
long,2025-02-27 08:00:00,2025-03-03 12:00:00,2887.215,2872.475,50,-0.24378113857314032,0.6580144545155082,0.16555746627804346,-1.854382164127022
long,2025-03-03 13:00:00,2025-03-03 16:00:00,2876.958,2890.675,4,0.6279885249366846,0.6621467097822903,0.4966009236144542,0.0
short,2025-03-03 16:00:00,2025-03-06 10:00:00,2890.675,2905.685,64,-0.12245902506459183,0.6614039179358845,0.32207010473334075,-1.198093870808714
long,2025-03-06 10:00:00,2025-03-06 14:00:00,2905.685,2914.268,5,0.5152809254850732,0.6634758210527721,0.3193739169937704,-0.09120052586567562
short,2025-03-06 14:00:00,2025-03-10 11:00:00,2914.268,2906.455,43,0.4003100780429758,0.6661723920321531,0.5695769915464277,-0.41965941361603587
long,2025-03-10 11:00:00,2025-03-11 08:00:00,2906.455,2911.495,21,0.1631165182512051,0.6668631028796786,0.17340712311044726,-0.759585130339191
short,2025-03-11 09:00:00,2025-04-04 14:00:00,2911.795,3021.765,414,-4.893328292582677,0.6342313019936726,0.00789890771843993,-8.609122551553238
long,2025-04-04 14:00:00,2025-04-07 08:00:00,3021.765,3024.935,16,-0.27793831341209607,0.636058450233166,0.5372025951720261,-1.426881309433381
long,2025-04-07 12:00:00,2025-04-08 06:00:00,3015.195,3003.415,18,-0.6211632561723301,0.6321074888525384,0.0,-1.6469913222859622
long,2025-04-08 12:00:00,2025-04-09 04:00:00,3010.115,3014.995,16,0.29232447301870135,0.6339552937382383,0.16212005189171208,-1.0580991091702407
short,2025-04-09 06:00:00,2025-05-01 04:00:00,3040.675,3236.205,338,-5.955445906474422,0.5962004291484265,0.0,-14.913136063538524
long,2025-05-01 04:00:00,2025-05-01 05:00:00,3236.205,3235.335,2,0.2761136106982587,0.5961817995257985,0.0,-0.026883340208672113
short,2025-05-01 05:00:00,2025-05-01 10:00:00,3235.335,3205.155,6,-0.18809507085987276,0.5950790055287529,0.9328245761258014,0.0
long,2025-05-01 10:00:00,2025-05-01 18:00:00,3205.155,3228.005,9,-0.01615029187655992,0.598411001300717,0.7129140400386147,0.0
short,2025-05-01 20:00:00,2025-05-12 03:00:00,3237.385,3278.615,141,-1.7238726178273378,0.5880951579072276,0.3926008182530083,-5.983841897086695
long,2025-05-12 03:00:00,2025-05-20 20:00:00,3278.615,3296.585,154,-0.06181747528131165,0.5887023544110745,0.5480972910817616,-4.577847658233725
short,2025-05-20 20:00:00,2025-05-22 14:00:00,3296.585,3294.448,41,-0.36698203892554515,0.5879331983844679,0.28544690945326856,-1.3419948219141942
long,2025-05-22 14:00:00,2025-05-22 22:00:00,3294.448,3299.748,8,-0.11304257334702195,0.5878460225675624,0.21026284221210556,-0.1327384739416182
short,2025-05-22 22:00:00,2025-05-28 23:00:00,3299.748,3264.848,90,1.222878337795863,0.5956467742729992,1.2182748500794705,-1.9016603692160627
long,2025-05-28 23:00:00,2025-05-29 10:00:00,3264.848,3299.545,12,1.0883018471495198,0.6013321406507651,1.062744728085363,-0.04594394593561146
short,2025-05-29 11:00:00,2025-05-30 15:00:00,3316.235,3293.015,28,0.41898346968569644,0.603851622917999,1.2031716690765304,-0.2370157724045363
long,2025-05-30 15:00:00,2025-05-30 16:00:00,3293.015,3290.725,2,0.0953440379076742,0.6037610451745613,0.0,-0.06954113479592516
short,2025-05-30 17:00:00,2025-06-24 05:00:00,3293.555,3322.548,370,-1.7192411913474648,0.5933809365886102,0.14239932231282504,-4.486034087786606
long,2025-06-24 05:00:00,2025-06-25 19:00:00,3322.548,3332.095,38,0.003604332012008271,0.5952413273180053,0.36198122645632047,-0.629727546449288
short,2025-06-26 00:00:00,2025-06-26 01:00:00,3329.955,3339.315,2,0.3500072190540715,0.5973247149344115,0.0,-0.2810848795254062
long,2025-06-26 01:00:00,2025-06-26 02:00:00,3339.315,3337.755,2,0.23596290397844832,0.5972351162271714,0.0,-0.046716167836813316
short,2025-06-26 03:00:00,2025-06-26 12:00:00,3333.748,3319.478,10,0.3575499727275,0.5993705302223606,0.428046750984179,-0.424447198768485
long,2025-06-26 12:00:00,2025-07-01 07:00:00,3319.478,3339.415,63,0.463978275314858,0.6027653093481546,0.6006064808985023,-1.6645086968493317
short,2025-07-01 07:00:00,2025-07-02 01:00:00,3339.415,3336.445,18,0.2950637034367709,0.6047374019019218,0.22360203808152734,-0.45097719211297793
long,2025-07-02 01:00:00,2025-07-02 03:00:00,3336.445,3339.885,3,0.16385771767717383,0.6050934128999854,0.10310375264690474,0.0
short,2025-07-02 03:00:00,2025-07-02 06:00:00,3339.885,3334.555,4,0.1710724697166821,0.606353484498117,0.19880924043792492,0.0
long,2025-07-02 06:00:00,2025-07-02 10:00:00,3334.555,3342.085,5,0.32576766934293566,0.6082722841723014,0.28618511315603445,-0.037186371194952716
short,2025-07-02 10:00:00,2025-07-02 13:00:00,3342.085,3342.755,4,0.3132217392388448,0.6099934441501202,0.14661506215432052,-0.12935039054959852
long,2025-07-02 13:00:00,2025-07-02 16:00:00,3342.755,3349.469,4,0.25134215460906884,0.6106908412439367,0.20085229099948698,-0.05773680691526506
short,2025-07-02 16:00:00,2025-07-03 12:00:00,3349.469,3331.718,20,0.8889978600629345,0.6164785558404111,0.7545673657526009,-0.3636098736844673
long,2025-07-03 12:00:00,2025-07-11 13:00:00,3331.718,3360.905,134,0.48411495133020566,0.6182497517037653,0.8760345263314706,-1.411283908181904
short,2025-07-11 13:00:00,2025-07-14 19:00:00,3360.905,3342.785,28,0.12414624196572799,0.6209271034227473,0.5391404993595583,-0.3246149474620541
long,2025-07-14 19:00:00,2025-07-15 02:00:00,3342.785,3357.685,7,-0.06686495675777282,0.6209153792566852,0.44573611524523216,0.0
short,2025-07-15 02:00:00,2025-07-15 15:00:00,3357.685,3329.119,14,0.6042328544427322,0.6261589895116358,0.8613077164772776,-0.19299011074593864
long,2025-07-15 15:00:00,2025-07-18 07:00:00,3329.119,3347.345,62,0.6365460666899247,0.6302668538953361,0.7619433249457241,-0.48583424022992094
short,2025-07-18 07:00:00,2025-07-25 14:00:00,3347.345,3327.575,121,0.3329391822293415,0.6321191016768487,0.5906173400112569,-2.52946738385198
long,2025-07-25 14:00:00,2025-07-28 03:00:00,3327.575,3339.405,11,0.2999388788585744,0.6349720811970072,0.4664057158741741,0.0
long,2025-07-28 07:00:00,2025-08-01 16:00:00,3335.848,3348.015,102,0.29310397860671245,0.6368332096300375,0.3747173132588877,-1.9980826464515156
short,2025-08-01 16:00:00,2025-08-11 07:00:00,3348.015,3361.635,126,-0.43591192208581875,0.6344313151725297,0.018428830217298575,-1.7368500439812973
long,2025-08-11 07:00:00,2025-08-13 09:00:00,3361.635,3365.925,49,0.09018435926746449,0.6348728095747546,0.12761647234158513,-0.7246473814081611
short,2025-08-13 10:00:00,2025-08-13 18:00:00,3362.155,3357.665,9,0.446445388616068,0.6377071699566783,0.25697803938249386,-0.0815845789382097
long,2025-08-13 18:00:00,2025-08-13 19:00:00,3357.665,3355.155,2,0.13777079723094054,0.6379924285186994,0.0,-0.07475433076259419
short,2025-08-13 19:00:00,2025-08-14 08:00:00,3355.155,3356.365,13,0.6001912472516358,0.6415346325738543,0.27658930809456583,-0.4214410362561427
long,2025-08-14 08:00:00,2025-08-18 04:00:00,3356.365,3349.335,41,0.2961616243796428,0.6416256911971783,0.02919825465943493,-0.6976893156733555
long,2025-08-18 05:00:00,2025-08-19 10:00:00,3349.335,3339.498,29,-0.20550232426020942,0.6403071354887174,0.0,-0.5550355518334271
long,2025-08-19 11:00:00,2025-08-20 13:00:00,3334.569,3346.725,26,0.12566756607450547,0.6411117938812875,0.3645448632191961,-0.622089391462588
long,2025-08-20 15:00:00,2025-08-20 17:00:00,3345.025,3345.598,3,0.1594599244138184,0.6421341102632186,0.04373659389689255,0.0
short,2025-08-20 17:00:00,2025-08-21 03:00:00,3345.598,3338.115,10,0.09510088029585084,0.6427667226536375,0.2236670394948903,-0.11208758493996829
long,2025-08-21 03:00:00,2025-08-22 14:00:00,3338.115,3367.648,35,1.1371232660312813,0.6505792251293077,1.065271867506068,-0.4430644240836501
short,2025-08-22 14:00:00,2025-10-21 23:00:00,3367.648,4074.598,955,-18.045612276937227,0.5323871235860962,0.3860260929883452,-29.99719685667861
long,2025-10-22 00:00:00,2025-10-22 01:00:00,4086.715,4114.685,2,0.2672920727661454,0.5338101521638695,0.684412786308819,0.0
short,2025-10-22 03:00:00,2025-10-22 10:00:00,4127.865,4027.405,8,2.250767895995054,0.5458249796943362,2.4337036216058316,-0.6693532855362339
long,2025-10-22 11:00:00,2025-10-22 17:00:00,4033.475,4076.485,7,1.0215799223023403,0.5514010180978044,1.0663261827580595,-0.465355555693292
short,2025-10-22 19:00:00,2025-10-27 14:00:00,4098.055,3989.698,63,2.808068261983876,0.5668847350832648,2.692984842809576,-1.2174067941987055
long,2025-10-27 14:00:00,2025-10-29 08:00:00,3989.698,4023.648,41,0.68216509792558,0.5706364738684856,0.8509416000910486,-2.324737361073448
short,2025-10-29 10:00:00,2025-10-29 18:00:00,4016.395,3945.475,9,0.7101675658756967,0.5746889490249563,1.7657625806226762,-0.21935093535372374
long,2025-10-29 18:00:00,2025-10-30 18:00:00,3945.475,4023.205,24,1.1351884429189774,0.5848588616532284,1.9701049936953208,-0.6027157693306862
short,2025-10-30 19:00:00,2025-10-31 03:00:00,4024.305,4005.505,8,0.87325391194224,0.589966164541956,0.7044694673987162,-0.32410565302580796
long,2025-10-31 03:00:00,2025-10-31 13:00:00,4005.505,4020.465,11,0.3359219525907786,0.5907138710834529,0.43073220480314145,-0.018224917956666253
short,2025-10-31 13:00:00,2025-10-31 16:00:00,4020.465,3997.345,4,1.2559945352962343,0.5989599611148843,0.9949097927727246,0.0
long,2025-10-31 16:00:00,2025-11-03 07:00:00,3997.345,4019.395,13,1.075298891674925,0.6030249911578862,0.6937855001257098,-0.6739473325419687
long,2025-11-03 08:00:00,2025-11-06 08:00:00,4000.165,4010.695,70,-0.15055186346878413,0.6021171257965156,0.5479773959324197,-1.7131793313525767
long,2025-11-06 09:00:00,2025-11-06 11:00:00,4008.115,4005.005,3,0.14672656235796833,0.6030005915565654,0.24126054267405994,-0.07759258404510527
long,2025-11-06 12:00:00,2025-11-10 01:00:00,4011.955,4047.925,35,0.9397475031051483,0.6086672745594275,0.8965703752908505,-0.8831106031847225
short,2025-11-10 03:00:00,2025-11-14 21:00:00,4053.935,4082.935,111,-0.9198145745117903,0.6030686642577462,0.0,-4.648816520245158
long,2025-11-17 03:00:00,2025-11-17 04:00:00,4078.375,4058.105,2,-0.13480004400476808,0.6022557274329478,0.0,-0.49701167744505836
long,2025-11-17 05:00:00,2025-11-17 09:00:00,4065.805,4069.965,5,0.556553301185847,0.6056076015655566,0.543311841074523,0.0
long,2025-11-17 10:00:00,2025-11-18 17:00:00,4078.255,4072.375,31,0.003407746867956085,0.605628239139631,0.0,-1.7063670614024917
short,2025-11-18 19:00:00,2025-12-29 15:00:00,4069.395,4341.325,628,-6.036190172424294,0.5690713668872583,0.9355198991496283,-11.717958074848966
long,2025-12-29 18:00:00,2025-12-29 19:00:00,4336.655,4334.455,2,0.09826840848987661,0.5696305842626701,0.0,-0.05073034400937537
long,2025-12-29 20:00:00,2025-12-29 23:00:00,4331.475,4339.555,3,0.2237065853201381,0.5709048853916633,0.3227537963395699,0.0
short,2025-12-30 05:00:00,2025-12-31 05:00:00,4364.275,4327.698,24,3.080089845198719,0.5884892687923553,1.8080895452280088,-0.8390855296698918
long,2025-12-31 05:00:00,2025-12-31 06:00:00,4327.698,4330.738,2,0.9424105215404266,0.5884009954020365,0.07024519733123125,0.0
short,2025-12-31 07:00:00,2025-12-31 08:00:00,4307.185,4325.448,2,0.5136956027251394,0.5914235854418077,0.0,-0.42401243503586983
short,2025-12-31 14:00:00,2026-01-30 17:00:00,4337.145,4877.498,481,-10.983508273697428,0.5264645270022088,0.6001643938581824,-28.24784506858773
long,2026-01-30 17:00:00,2026-01-30 19:00:00,4877.498,4846.808,3,1.6665200151998238,0.5322593858164613,1.1158794939536643,-0.6292160447836093
long,2026-01-30 20:00:00,2026-01-30 21:00:00,4895.118,4765.848,2,0.9664417228855804,0.5374033625949661,0.0,-2.640794358787679
long,2026-02-02 00:00:00,2026-02-03 04:00:00,4736.205,4824.605,28,0.8702434214690857,0.5420800800047025,2.2099972446294025,-4.902659407690335
short,2026-02-03 07:00:00,2026-02-05 15:00:00,4912.125,4888.708,55,3.275943090160016,0.5598383149287505,2.065847265694576,-3.5050614550729
long,2026-02-05 15:00:00,2026-02-05 16:00:00,4888.708,4868.625,2,1.8371357499034957,0.5619695107568058,0.0,-0.4108038361055666
short,2026-02-05 16:00:00,2026-02-05 20:00:00,4868.625,4775.805,5,0.7985565565501229,0.5643089404986937,1.9064931063698665,0.0
long,2026-02-05 20:00:00,2026-02-06 03:00:00,4775.805,4813.185,7,0.22218082281573182,0.5699175686391892,1.0090445485106514,-1.5186968479659613
short,2026-02-06 09:00:00,2026-02-12 21:00:00,4878.185,4919.775,104,-1.3307581319059847,0.5623333442493623,0.0,-4.7808764940239
long,2026-02-12 21:00:00,2026-02-13 01:00:00,4919.775,4988.215,4,0.9852508764748302,0.5682161891966742,1.3911205288859918,0.0
short,2026-02-13 01:00:00,2026-02-17 03:00:00,4988.215,4952.545,46,0.2984207140666717,0.5709702157781701,1.0613014876063032,-1.0438603789130863
long,2026-02-17 03:00:00,2026-02-18 14:00:00,4952.545,4997.625,35,0.6626444817825705,0.575385900868362,0.9102390790997283,-1.8925623088735244
short,2026-02-18 15:00:00,2026-03-09 01:00:00,5000.215,5094.355,283,-1.4633256397493466,0.5669661314534525,0.7843662722503031,-8.157449229683111
long,2026-03-09 01:00:00,2026-03-09 02:00:00,5094.355,5091.115,2,0.4862418335632501,0.5671565228083638,0.0,-0.06359980802279619
short,2026-03-09 02:00:00,2026-03-09 11:00:00,5091.115,5094.598,10,0.19388283510797244,0.5680653814632165,0.08131813954309619,-0.6464202831796051
long,2026-03-09 11:00:00,2026-03-09 12:00:00,5094.598,5073.885,2,0.4805082315224807,0.5702038404579972,0.0,-0.4065678979970455
short,2026-03-09 12:00:00,2026-03-09 13:00:00,5073.885,5093.665,2,0.7375224801341895,0.5722549913533678,0.0,-0.3898393440135095
long,2026-03-09 13:00:00,2026-03-09 16:00:00,5093.665,5095.748,4,0.7102184493523733,0.5742535333318457,0.21012375175832876,0.0
short,2026-03-09 16:00:00,2026-03-12 19:00:00,5095.748,5079.055,73,0.16652002632429053,0.5744123564825624,0.32758684299143415,-2.6030918326416685
long,2026-03-12 19:00:00,2026-03-13 01:00:00,5079.055,5111.865,6,0.9563923826273246,0.5807127411586542,0.8865822480756735,0.0
short,2026-03-13 01:00:00,2026-03-13 04:00:00,5111.865,5102.605,4,0.30376418789515025,0.581265323106141,0.1811471938323872,-0.06983752505203
long,2026-03-13 04:00:00,2026-03-13 12:00:00,5102.605,5101.485,9,0.23054525720929142,0.5829424182728912,0.3035704311817433,-0.34452990188345023
long,2026-03-13 13:00:00,2026-04-07 23:00:00,5041.315,4817.335,370,-5.000223332301679,0.5537939954605264,0.09858538893126045,-16.60975360595399
short,2026-04-07 23:00:00,2026-04-08 18:00:00,4817.335,4730.465,20,3.1819331925093675,0.5697450709132947,2.329711344550467,-0.2063381516959062
long,2026-04-08 18:00:00,2026-04-09 09:00:00,4730.465,4740.838,15,0.4613115053162975,0.569475722320565,0.21928076838111377,-0.5062927217514557
short,2026-04-09 13:00:00,2026-04-13 00:00:00,4768.545,4721.035,32,1.9501572192398342,0.5805813942312177,1.536527389381881,-0.6077325473493378
long,2026-04-13 00:00:00,2026-04-13 18:00:00,4721.035,4740.968,19,0.8697680747352887,0.5826104334697476,0.4222167384906106,-0.2999342305236019
short,2026-04-13 22:00:00,2026-04-28 06:00:00,4757.365,4633.035,235,2.668071109090131,0.5981548941236987,2.7042280758360904,-2.5814710454211687
long,2026-04-28 06:00:00,2026-05-06 06:00:00,4633.035,4681.495,137,0.5475883936892023,0.6010498416894272,1.0459666287865321,-2.6434076150946506
short,2026-05-06 06:00:00,2026-05-11 04:00:00,4681.495,4652.125,66,-0.5909804031520527,0.5992582499184193,0.6273636947171757,-1.7319253785382571
long,2026-05-11 04:00:00,2026-05-11 13:00:00,4652.125,4725.405,10,1.5411061878712662,0.6112588064616691,1.8041862589676771,0.0
short,2026-05-11 13:00:00,2026-05-12 15:00:00,4725.405,4670.955,26,1.5322309791596433,0.6194176662226639,1.2566118671309634,-0.884791885563252
long,2026-05-12 15:00:00,2026-05-12 17:00:00,4670.955,4695.795,3,-0.15873102850179066,0.6179671163081512,0.5317970307999076,0.0
short,2026-05-12 17:00:00,2026-05-14 20:00:00,4695.795,4661.948,50,0.8401133147855289,0.625644469516513,0.998765917166311,-0.4450790547713357
long,2026-05-14 20:00:00,2026-05-14 22:00:00,4661.948,4651.975,2,0.4350123604188072,0.6267947748896721,0.0,-0.21392345002561042
short,2026-05-14 22:00:00,2026-05-14 23:00:00,4651.975,4629.758,2,-0.32451252794341023,0.6236141748325468,0.47758210222541564,0.0
long,2026-05-14 23:00:00,2026-05-25 11:00:00,4629.758,4567.445,147,-1.8232243538566895,0.6153668999051823,0.0,-3.627252223550348
long,2026-05-25 12:00:00,2026-05-25 16:00:00,4562.918,4564.795,5,0.2694808461114917,0.6170251958337368,0.22763941845986846,0.0
short,2026-05-25 16:00:00,2026-05-25 17:00:00,4564.795,4569.675,2,0.23301704434877113,0.6174995219693327,0.0,-0.10690512936506469
long,2026-05-25 17:00:00,2026-05-25 18:00:00,4569.675,4574.638,2,-0.06180817267630312,0.6166438238352396,0.10860728607613446,0.0
short,2026-05-25 18:00:00,2026-05-25 23:00:00,4574.638,4549.365,3,-0.057545198953390386,0.6171441806408792,0.5524590142433117,0.0
long,2026-05-25 23:00:00,2026-05-29 11:00:00,4549.365,4522.825,82,-0.5097571959156499,0.6155406388180712,0.0,-3.8823000572607347
long,2026-05-29 12:00:00,2026-05-29 14:00:00,4536.685,4570.745,3,0.7156908530846273,0.6199460068671109,0.7507684575852158,0.0
short,2026-05-29 14:00:00,2026-05-29 20:00:00,4570.745,4540.495,7,0.5882284461082854,0.6247037560966218,0.7273868920712134,0.0
long,2026-05-29 20:00:00,2026-06-02 10:00:00,4540.495,4527.425,35,-0.14419055975831707,0.6235783182267082,0.0,-2.0011034039240094
long,2026-06-02 11:00:00,2026-06-16 10:00:00,4514.455,4340.755,226,-3.9732200014575114,0.5988021797621722,0.0,-10.382360661475188
long,2026-06-16 11:00:00,2026-06-16 12:00:00,4354.425,4331.525,2,0.28482995411081014,0.6005077477360033,0.0,-0.5259018125240544
long,2026-06-16 13:00:00,2026-06-17 15:00:00,4323.905,4359.278,26,0.7071656905584423,0.6047543324971376,0.9149137180396005,-0.02150833563641097
long,2026-06-17 18:00:00,2026-06-23 23:00:00,4235.585,4097.055,91,-4.422427009193952,0.5780095135575136,1.9815444619810663,-3.270622594045447
